path,locus,ntax,chars_count,site_count,conserved_sites,proportion_cons_sites,variable_sites,proportion_var_sites,parsimony_informative_sites,proportion_pars_inf_sites,missing_data,proportion_missing_data,GC_content,AT_content,nucleotides,?,-,A,C,G,T,N,R,Y,S,W,K,M,B,D,H,V,.
AHE-L1.fasta,AHE-L1,9,13311,1475,918,0.6223728813559322,557,0.3776271186440678,320,0.21694915254237288,939,0.07054315979265269,0.5244534595447374,0.4044023739764105,12364,0,939,2980,4139,2842,2403,8,0,0,0,0,0,0,0,0,0,0,0
AHE-L2.fasta,AHE-L2,9,14121,1474,977,0.6628222523744912,497,0.33717774762550884,302,0.20488466757123475,2382,0.16868493732738474,0.4462148573047235,0.3272431130939735,10922,0,2382,2650,3591,2710,1971,813,2,2,0,0,0,0,0,0,0,0,0
AHE-L3.fasta,AHE-L3,10,15840,1584,823,0.5195707070707071,761,0.48042929292929293,509,0.3213383838383838,2451,0.15473484848484848,0.4460858585858586,0.39785353535353535,13368,0,2451,3941,3526,3540,2361,21,0,0,0,0,0,0,0,0,0,0,0
AHE-L4.fasta,AHE-L4,9,11880,1314,735,0.5593607305936074,579,0.4406392694063927,330,0.2511415525114155,1362,0.11464646464646465,0.5563131313131313,0.32314814814814813,10448,0,1362,1964,3779,2830,1875,70,0,0,0,0,0,0,0,0,0,0,0
AHE-L5.fasta,AHE-L5,10,11220,1121,604,0.5388046387154326,517,0.46119536128456734,283,0.25245316681534347,1440,0.12834224598930483,0.4718360071301248,0.39875222816399286,9768,0,1440,2102,2818,2476,2372,12,0,0,0,0,0,0,0,0,0,0,0
AHE-L7.fasta,AHE-L7,10,13920,1390,403,0.28992805755395684,987,0.7100719424460432,579,0.41654676258992807,747,0.05366379310344828,0.4586925287356322,0.48498563218390806,13136,0,747,3606,2949,3436,3145,37,0,0,0,0,0,0,0,0,0,0,0
AHE-L8.fasta,AHE-L8,10,15600,1557,881,0.5658317276814386,676,0.4341682723185613,435,0.279383429672447,1866,0.11961538461538461,0.3883333333333333,0.49025641025641026,13706,0,1866,4259,2818,3240,3389,28,0,0,0,0,0,0,0,0,0,0,0
AHE-L9.fasta,AHE-L9,10,15690,1567,803,0.5124441608168475,764,0.48755583918315254,438,0.2795149968091895,2409,0.15353728489483748,0.4118546845124283,0.41555130656469086,12982,0,2409,3583,3530,2932,2937,299,0,0,0,0,0,0,0,0,0,0,0
AHE-L10.fasta,AHE-L10,10,9480,946,653,0.6902748414376322,293,0.3097251585623679,183,0.193446088794926,2259,0.23829113924050632,0.37246835443037973,0.3866033755274262,7196,0,2259,2029,2028,1503,1636,25,0,0,0,0,0,0,0,0,0,0,0
AHE-L11.fasta,AHE-L11,10,15660,1562,978,0.6261203585147247,584,0.3738796414852753,321,0.20550576184379002,3756,0.23984674329501915,0.37745849297573436,0.37873563218390804,11842,0,3756,3414,3124,2787,2517,60,1,1,0,0,0,0,0,0,0,0,0
AHE-L12.fasta,AHE-L12,10,16260,1621,900,0.5552128315854411,721,0.4447871684145589,360,0.22208513263417642,2901,0.17841328413284133,0.3377613776137761,0.4808733087330873,13311,0,2901,4561,2396,3096,3258,48,0,0,0,0,0,0,0,0,0,0,0
AHE-L13.fasta,AHE-L13,10,8460,846,590,0.6973995271867612,256,0.30260047281323876,149,0.17612293144208038,198,0.023404255319148935,0.3997635933806147,0.573758865248227,8236,0,198,2538,1585,1797,2316,25,1,0,0,0,0,0,0,0,0,0,0
AHE-L14.fasta,AHE-L14,10,18720,1869,1339,0.7164258962011771,530,0.2835741037988229,207,0.11075441412520064,4596,0.2455128205128205,0.26944444444444443,0.4598290598290598,13652,0,4596,4859,2319,2725,3749,472,0,0,0,0,0,0,0,0,0,0,0
AHE-L15.fasta,AHE-L15,10,15690,1565,1043,0.6664536741214058,522,0.33354632587859423,320,0.20447284345047922,2232,0.14225621414913958,0.4044614404079031,0.4507329509241555,13418,0,2232,4349,3152,3194,2723,40,0,0,0,0,0,0,0,0,0,0,0
AHE-L16.fasta,AHE-L16,10,14700,1467,829,0.5650988411724608,638,0.4349011588275392,388,0.26448534423994546,2184,0.14857142857142858,0.4004761904761905,0.44816326530612244,12475,0,2184,3023,3045,2842,3565,40,0,1,0,0,0,0,0,0,0,0,0
AHE-L17.fasta,AHE-L17,10,16260,1625,1079,0.664,546,0.336,334,0.20553846153846153,2466,0.15166051660516605,0.4121156211562116,0.4347478474784748,13770,0,2466,3581,3317,3384,3488,24,0,0,0,0,0,0,0,0,0,0,0
AHE-L18.fasta,AHE-L18,10,16290,1626,1043,0.6414514145141451,583,0.35854858548585483,367,0.22570725707257072,2832,0.17384898710865562,0.44192756292203805,0.38225905463474524,13426,0,2832,3322,3484,3715,2905,32,0,0,0,0,0,0,0,0,0,0,0
AHE-L19.fasta,AHE-L19,10,13530,1349,929,0.6886582653817642,420,0.3113417346182357,215,0.15937731653076354,324,0.02394678492239468,0.45218033998521806,0.5215077605321508,13174,0,324,3408,3053,3065,3648,32,0,0,0,0,0,0,0,0,0,0,0
AHE-L20.fasta,AHE-L20,10,11460,1145,803,0.7013100436681222,342,0.2986899563318777,196,0.17117903930131004,156,0.013612565445026177,0.46823734729493893,0.5173647469458987,11295,0,156,2768,2599,2767,3161,9,0,0,0,0,0,0,0,0,0,0,0
AHE-L21.fasta,AHE-L21,10,8100,809,488,0.6032138442521632,321,0.3967861557478368,195,0.24103831891223734,873,0.10777777777777778,0.43506172839506174,0.4553086419753086,7212,0,873,1796,1783,1741,1892,15,0,0,0,0,0,0,0,0,0,0,0
AHE-L22.fasta,AHE-L22,10,13500,1347,845,0.6273199703043801,502,0.3726800296956199,265,0.19673348181143283,276,0.020444444444444446,0.5277777777777778,0.4514814814814815,13220,0,276,3215,3914,3211,2880,4,0,0,0,0,0,0,0,0,0,0,0
AHE-L23.fasta,AHE-L23,10,15630,1560,960,0.6153846153846154,600,0.38461538461538464,407,0.2608974358974359,2025,0.1295585412667946,0.5076775431861804,0.3619321817018554,13592,0,2025,3079,4586,3349,2578,12,1,0,0,0,0,0,0,0,0,0,0
AHE-L24.fasta,AHE-L24,10,14760,1473,867,0.5885947046843177,606,0.41140529531568226,363,0.24643584521384929,1488,0.1008130081300813,0.4314363143631436,0.46639566395663956,13252,0,1488,4463,2785,3583,2421,20,0,0,0,0,0,0,0,0,0,0,0
AHE-L25.fasta,AHE-L25,10,14460,1442,770,0.5339805825242718,672,0.46601941747572817,329,0.22815533980582525,2256,0.15601659751037344,0.3425311203319502,0.4980636237897649,12155,0,2256,3078,2551,2402,4124,48,0,1,0,0,0,0,0,0,0,0,0
AHE-L26.fasta,AHE-L26,10,9000,896,411,0.45870535714285715,485,0.5412946428571429,296,0.33035714285714285,1248,0.13866666666666666,0.4772222222222222,0.38166666666666665,7730,0,1248,2037,2386,1909,1398,22,0,0,0,0,0,0,0,0,0,0,0
AHE-L27.fasta,AHE-L27,10,8340,830,493,0.5939759036144578,337,0.40602409638554215,185,0.22289156626506024,711,0.08525179856115107,0.37805755395683455,0.5333333333333333,7601,0,711,2670,1603,1550,1778,28,0,0,0,0,0,0,0,0,0,0,0
AHE-L28.fasta,AHE-L28,10,14430,1442,938,0.6504854368932039,504,0.34951456310679613,265,0.18377253814147018,1275,0.08835758835758836,0.38745668745668743,0.522037422037422,13124,0,1275,4059,2962,2629,3474,31,0,0,0,0,0,0,0,0,0,0,0
AHE-L29.fasta,AHE-L29,9,12042,1337,435,0.32535527299925204,902,0.674644727000748,489,0.36574420344053854,1665,0.1382660687593423,0.35949177877429,0.5012456402590931,10365,0,1665,3445,2104,2225,2591,12,0,0,0,0,0,0,0,0,0,0,0
AHE-L30.fasta,AHE-L30,10,16290,1625,1178,0.7249230769230769,447,0.27507692307692305,183,0.11261538461538462,2784,0.170902394106814,0.334561080417434,0.48987108655616945,13430,0,2784,4138,2833,2617,3842,76,0,0,0,0,0,0,0,0,0,0,0
AHE-L31.fasta,AHE-L31,10,16410,1640,960,0.5853658536585366,680,0.4146341463414634,399,0.24329268292682926,2826,0.17221206581352833,0.36496039000609387,0.46240097501523464,13577,0,2826,4526,2952,3037,3062,6,1,0,0,0,0,0,0,0,0,0,0
AHE-L32.fasta,AHE-L32,10,12510,1248,680,0.5448717948717948,568,0.4551282051282051,297,0.23798076923076922,1338,0.10695443645083932,0.47322142286171065,0.4179856115107914,11149,0,1338,2038,3228,2692,3191,23,0,0,0,0,0,0,0,0,0,0,0
AHE-L33.fasta,AHE-L33,10,12810,1279,689,0.5387021110242377,590,0.4612978889757623,347,0.27130570758405004,2286,0.17845433255269322,0.4313817330210773,0.3768930523028884,10354,0,2286,2530,2745,2781,2298,170,0,0,0,0,0,0,0,0,0,0,0
AHE-L34.fasta,AHE-L34,10,13530,1352,787,0.5821005917159763,565,0.41789940828402367,310,0.22928994082840237,1410,0.10421286031042129,0.4312638580931264,0.4629711751662971,12099,0,1410,2878,3121,2714,3386,21,0,0,0,0,0,0,0,0,0,0,0
AHE-L35.fasta,AHE-L35,9,12339,1364,564,0.41348973607038125,800,0.5865102639296188,421,0.3086510263929619,321,0.026015074155117918,0.42199529945700626,0.5459923818785963,11944,0,321,3631,2790,2417,3106,74,0,0,0,0,0,0,0,0,0,0,0
AHE-L36.fasta,AHE-L36,10,18360,1834,1363,0.7431842966194111,471,0.2568157033805889,289,0.15757906215921483,4401,0.23970588235294119,0.3314270152505447,0.42859477124183004,13954,0,4401,3564,2891,3194,4305,5,0,0,0,0,0,0,0,0,0,0,0
AHE-L37.fasta,AHE-L37,10,11130,1110,731,0.6585585585585586,379,0.34144144144144145,177,0.15945945945945947,1677,0.15067385444743936,0.417340521114106,0.4288409703504043,9418,0,1677,1870,3282,1363,2903,34,0,1,0,0,0,0,0,0,0,0,0
AHE-L38.fasta,AHE-L38,9,12150,1349,537,0.39807264640474427,812,0.6019273535952557,470,0.34840622683469236,153,0.012592592592592593,0.4663374485596708,0.5198353909465021,11982,0,153,2910,2913,2753,3406,15,0,0,0,0,0,0,0,0,0,0,0
AHE-L39.fasta,AHE-L39,10,15390,1537,971,0.6317501626545218,566,0.3682498373454782,310,0.20169160702667535,1761,0.11442495126705653,0.3603638726445744,0.5233918128654971,13601,0,1761,4421,2441,3105,3634,28,0,0,0,0,0,0,0,0,0,0,0
AHE-L40.fasta,AHE-L40,10,15990,1597,1040,0.6512210394489668,557,0.3487789605510332,300,0.18785222291797118,2241,0.1401500938086304,0.3919324577861163,0.4661038148843027,13720,0,2241,4097,3194,3073,3356,29,0,0,0,0,0,0,0,0,0,0,0
AHE-L41.fasta,AHE-L41,10,13710,1369,739,0.539810080350621,630,0.4601899196493791,376,0.27465303140978814,1089,0.07943107221006565,0.43727206418672504,0.4824215900802334,12609,0,1089,3552,3006,2989,3062,12,0,0,0,0,0,0,0,0,0,0,0
AHE-L42.fasta,AHE-L42,10,15030,1500,922,0.6146666666666667,578,0.38533333333333336,320,0.21333333333333335,1410,0.09381237524950099,0.4180971390552229,0.487624750499002,13613,0,1410,3742,3199,3085,3587,5,0,2,0,0,0,0,0,0,0,0,0
AHE-L43.fasta,AHE-L43,10,14670,1465,898,0.6129692832764505,567,0.3870307167235495,358,0.24436860068259386,1554,0.10593047034764826,0.39413769597818676,0.498159509202454,13090,0,1554,3718,2740,3042,3590,26,0,0,0,0,0,0,0,0,0,0,0
AHE-L44.fasta,AHE-L44,10,15420,1537,1006,0.6545217957059206,531,0.3454782042940794,312,0.202992843201041,1626,0.10544747081712062,0.3804798962386511,0.5121271076523994,13764,0,1626,3971,2626,3241,3926,30,0,0,0,0,0,0,0,0,0,0,0
AHE-L46.fasta,AHE-L46,10,15660,1566,735,0.46934865900383144,831,0.5306513409961686,474,0.30268199233716475,2169,0.1385057471264368,0.35357598978288635,0.5059386973180077,13460,0,2169,4237,2974,2563,3686,31,0,0,0,0,0,0,0,0,0,0,0
AHE-L47.fasta,AHE-L47,9,12204,1355,422,0.3114391143911439,933,0.6885608856088561,530,0.39114391143911437,849,0.06956735496558505,0.39896755162241887,0.5299901671583087,11337,0,849,3644,2531,2338,2824,18,0,0,0,0,0,0,0,0,0,0,0
AHE-L48.fasta,AHE-L48,9,10665,1184,422,0.3564189189189189,762,0.643581081081081,402,0.33952702702702703,261,0.024472573839662448,0.35555555555555557,0.6189404594467885,10393,0,261,3277,1736,2056,3324,11,0,0,0,0,0,0,0,0,0,0,0
AHE-L49.fasta,AHE-L49,10,14010,1400,1015,0.725,385,0.275,165,0.11785714285714285,444,0.03169164882226981,0.3996431120628123,0.567237687366167,13546,0,444,4419,2610,2989,3528,20,0,0,0,0,0,0,0,0,0,0,0
AHE-L50.fasta,AHE-L50,10,15240,1524,785,0.5150918635170604,739,0.4849081364829396,435,0.2854330708661417,1707,0.11200787401574804,0.3754593175853018,0.5116141732283465,13519,0,1707,4295,2531,3191,3502,14,0,0,0,0,0,0,0,0,0,0,0
AHE-L51.fasta,AHE-L51,10,14490,1448,769,0.5310773480662984,679,0.46892265193370164,398,0.27486187845303867,1458,0.10062111801242236,0.35873015873015873,0.5389233954451346,13007,0,1458,4321,2418,2780,3488,24,1,0,0,0,0,0,0,0,0,0,0
AHE-L52.fasta,AHE-L52,10,16560,1651,1037,0.6281041792852816,614,0.37189582071471833,371,0.2247122955784373,2811,0.1697463768115942,0.42644927536231886,0.40217391304347827,13722,0,2811,2920,4017,3045,3740,27,0,0,0,0,0,0,0,0,0,0,0
AHE-L53.fasta,AHE-L53,10,4140,412,251,0.6092233009708737,161,0.3907766990291262,89,0.21601941747572814,651,0.1572463768115942,0.40603864734299516,0.4282608695652174,3454,0,651,1018,818,863,755,35,0,0,0,0,0,0,0,0,0,0,0
AHE-L54.fasta,AHE-L54,10,9840,983,562,0.5717192268565615,421,0.42828077314343843,288,0.29298067141403866,435,0.04420731707317073,0.5054878048780488,0.4482723577235772,9385,0,435,2862,2312,2662,1549,20,0,0,0,0,0,0,0,0,0,0,0
AHE-L55.fasta,AHE-L55,10,13380,1269,882,0.6950354609929078,387,0.3049645390070922,205,0.16154452324665092,564,0.042152466367713005,0.4683109118086697,0.4366965620328849,12109,0,564,3180,3455,2811,2663,707,0,0,0,0,0,0,0,0,0,0,0
AHE-L56.fasta,AHE-L56,10,15390,1537,1080,0.7026675341574495,457,0.2973324658425504,243,0.15810019518542615,3309,0.21500974658869396,0.407277452891488,0.3768031189083821,12067,0,3309,2756,3341,2927,3043,14,0,0,0,0,0,0,0,0,0,0,0
AHE-L57.fasta,AHE-L57,10,13380,1336,915,0.6848802395209581,421,0.31511976047904194,258,0.19311377245508982,1755,0.1311659192825112,0.35500747384155457,0.512406576980568,11606,0,1755,3339,2351,2399,3517,19,0,0,0,0,0,0,0,0,0,0,0
AHE-L58.fasta,AHE-L58,10,14160,1413,817,0.5782024062278839,596,0.42179759377211606,337,0.23849964614295824,2004,0.14152542372881355,0.3614406779661017,0.495409604519774,12133,0,2004,3906,2653,2465,3109,22,0,1,0,0,0,0,0,0,0,0,0
AHE-L59.fasta,AHE-L59,10,5730,565,295,0.5221238938053098,270,0.4778761061946903,125,0.22123893805309736,735,0.12827225130890052,0.37085514834205935,0.4856893542757417,4908,0,735,1302,1098,1027,1481,87,0,0,0,0,0,0,0,0,0,0,0
AHE-L60.fasta,AHE-L60,10,15960,1593,1282,0.8047708725674827,311,0.19522912743251727,139,0.08725674827369742,2223,0.1392857142857143,0.35776942355889724,0.5018796992481203,13720,0,2223,4461,3345,2365,3549,17,0,0,0,0,0,0,0,0,0,0,0
AHE-L61.fasta,AHE-L61,10,16560,1652,1203,0.7282082324455206,449,0.2717917675544794,265,0.16041162227602906,2757,0.1664855072463768,0.4379830917874396,0.39365942028985507,13772,0,2757,3501,4172,3081,3018,30,1,0,0,0,0,0,0,0,0,0,0
AHE-L62.fasta,AHE-L62,9,15795,1752,1159,0.6615296803652968,593,0.3384703196347032,296,0.1689497716894977,3255,0.2060778727445394,0.3212408990186768,0.4704020259575815,12504,0,3255,4472,2076,2998,2958,35,0,1,0,0,0,0,0,0,0,0,0
AHE-L63.fasta,AHE-L63,10,17970,1791,1145,0.6393076493579006,646,0.36069235064209937,344,0.192071468453378,4056,0.22570951585976629,0.32877017250973845,0.4437395659432387,13882,0,4056,4679,2963,2945,3295,32,0,0,0,0,0,0,0,0,0,0,0
AHE-L64.fasta,AHE-L64,9,15876,1760,1218,0.6920454545454545,542,0.3079545454545455,285,0.16193181818181818,3312,0.20861678004535147,0.35575711766187956,0.4347442680776014,12550,0,3312,3794,2579,3069,3108,14,0,0,0,0,0,0,0,0,0,0,0
AHE-L65.fasta,AHE-L65,10,17550,1752,1215,0.6934931506849316,537,0.3065068493150685,272,0.1552511415525114,3666,0.2088888888888889,0.33247863247863246,0.4573219373219373,13861,0,3666,4501,2522,3313,3525,23,0,0,0,0,0,0,0,0,0,0,0
AHE-L66.fasta,AHE-L66,10,7440,741,528,0.7125506072874493,213,0.2874493927125506,98,0.13225371120107962,2571,0.3455645161290323,0.27983870967741936,0.37150537634408604,4846,0,2571,1602,927,1155,1162,23,0,0,0,0,0,0,0,0,0,0,0
AHE-L67.fasta,AHE-L67,10,17130,1710,1161,0.6789473684210526,549,0.32105263157894737,288,0.16842105263157894,3303,0.1928196147110333,0.3373029772329247,0.46906012842965555,13813,0,3303,4556,2779,2999,3479,13,0,1,0,0,0,0,0,0,0,0,0
AHE-L68.fasta,AHE-L68,9,12339,1364,1029,0.7543988269794721,335,0.24560117302052786,183,0.13416422287390029,5886,0.47702407002188185,0.1949914903963044,0.312991328308615,6268,0,5886,2073,1128,1278,1789,185,0,0,0,0,0,0,0,0,0,0,0
AHE-L69.fasta,AHE-L69,10,14730,1466,687,0.4686221009549795,779,0.5313778990450204,446,0.3042291950886767,1752,0.11894093686354379,0.34915139171758314,0.493346911065852,12410,0,1752,3674,2569,2574,3593,568,0,0,0,0,0,0,0,0,0,0,0
AHE-L70.fasta,AHE-L70,10,17610,1756,900,0.5125284738041003,856,0.4874715261958998,492,0.28018223234624146,3279,0.18620102214650766,0.31448040885860307,0.47365133446905167,13879,0,3279,4346,2627,2911,3995,452,0,0,0,0,0,0,0,0,0,0,0
AHE-L71.fasta,AHE-L71,10,9630,955,596,0.6240837696335079,359,0.37591623036649213,167,0.17486910994764399,3213,0.3336448598130841,0.28868120456905505,0.37487019730010385,6390,0,3213,1978,1417,1363,1632,27,0,0,0,0,0,0,0,0,0,0,0
AHE-L72.fasta,AHE-L72,9,9315,1029,373,0.3624878522837707,656,0.6375121477162293,309,0.30029154518950435,1437,0.15426731078904993,0.3390230810520666,0.49887278582930755,7805,0,1437,2164,1691,1467,2483,73,0,0,0,0,0,0,0,0,0,0,0
AHE-L73.fasta,AHE-L73,9,15201,1680,895,0.5327380952380952,785,0.46726190476190477,331,0.19702380952380952,3078,0.2024866785079929,0.320307874481942,0.46812709690151966,11985,0,3078,3178,2735,2134,3938,136,0,2,0,0,0,0,0,0,0,0,0
AHE-L74.fasta,AHE-L74,10,15540,1551,666,0.42940038684719534,885,0.5705996131528046,536,0.34558349451966475,2031,0.1306949806949807,0.3638352638352638,0.4911840411840412,13287,0,2031,3665,2616,3038,3968,222,0,0,0,0,0,0,0,0,0,0,0
AHE-L75.fasta,AHE-L75,10,15090,1508,948,0.6286472148541115,560,0.3713527851458886,335,0.22214854111405835,2133,0.14135188866799206,0.3520212060967528,0.505168986083499,12935,0,2133,4096,2521,2791,3527,21,1,0,0,0,0,0,0,0,0,0,0
AHE-L76.fasta,AHE-L76,10,13320,1329,741,0.5575620767494357,588,0.44243792325056436,332,0.24981188863807374,471,0.03536036036036036,0.45915915915915917,0.5035285285285285,12823,0,471,4059,3272,2844,2648,26,0,0,0,0,0,0,0,0,0,0,0
AHE-L77.fasta,AHE-L77,10,17190,1714,1074,0.6266044340723453,640,0.3733955659276546,401,0.2339556592765461,3387,0.19703315881326353,0.43909249563699826,0.362478184991274,13779,0,3387,3400,4874,2674,2831,24,0,0,0,0,0,0,0,0,0,0,0
AHE-L78.fasta,AHE-L78,10,10590,1056,463,0.4384469696969697,593,0.5615530303030303,379,0.35890151515151514,735,0.06940509915014165,0.42313503305004724,0.5050047214353164,9829,0,735,2204,2547,1934,3144,26,0,0,0,0,0,0,0,0,0,0,0
AHE-L80.fasta,AHE-L80,10,6990,697,400,0.5738880918220947,297,0.4261119081779053,167,0.23959827833572453,402,0.05751072961373391,0.4670958512160229,0.4722460658082976,6566,0,402,1784,1739,1526,1517,22,0,0,0,0,0,0,0,0,0,0,0
AHE-L81.fasta,AHE-L81,10,14130,1409,786,0.5578424414478353,623,0.44215755855216465,355,0.25195173882185945,2259,0.15987261146496815,0.3590233545647558,0.4796886058032555,11851,0,2259,3968,2240,2833,2810,20,0,0,0,0,0,0,0,0,0,0,0
AHE-L82.fasta,AHE-L82,10,13830,1383,922,0.6666666666666666,461,0.3333333333333333,229,0.16558206796818511,4017,0.2904555314533623,0.4046999276934201,0.296529284164859,9698,0,4017,2242,3121,2476,1859,114,1,0,0,0,0,0,0,0,0,0,0
AHE-L83.fasta,AHE-L83,9,12177,1344,495,0.36830357142857145,849,0.6316964285714286,345,0.25669642857142855,1785,0.1465878295146588,0.3113246283977991,0.4935534203826887,9801,0,1785,3404,1787,2004,2606,591,0,0,0,0,0,0,0,0,0,0,0
AHE-L84.fasta,AHE-L84,10,16740,1673,1244,0.7435744172145846,429,0.25642558278541544,250,0.14943215780035865,3591,0.21451612903225806,0.4390681003584229,0.34581839904420547,13139,0,3591,3031,3784,3566,2758,10,0,0,0,0,0,0,0,0,0,0,0
AHE-L85.fasta,AHE-L85,10,10560,1054,515,0.48861480075901326,539,0.5113851992409867,315,0.29886148007590135,135,0.01278409090909091,0.43674242424242427,0.5478219696969697,10397,0,135,2467,2623,1989,3318,28,0,0,0,0,0,0,0,0,0,0,0
AHE-L86.fasta,AHE-L86,10,17100,1709,1256,0.7349327091866589,453,0.2650672908133411,264,0.15447630193095377,3312,0.1936842105263158,0.3192397660818713,0.4867251461988304,13782,0,3312,4392,2933,2526,3931,6,0,0,0,0,0,0,0,0,0,0,0
AHE-L87.fasta,AHE-L87,10,12840,1281,867,0.6768149882903981,414,0.3231850117096019,243,0.18969555035128804,174,0.013551401869158878,0.42095015576323985,0.5634735202492211,12640,0,174,4163,2712,2693,3072,26,0,0,0,0,0,0,0,0,0,0,0
AHE-L88.fasta,AHE-L88,10,15450,1536,706,0.4596354166666667,830,0.5403645833333334,463,0.3014322916666667,3270,0.21165048543689322,0.30647249190938514,0.45540453074433657,11771,0,3270,3860,2187,2548,3176,409,0,0,0,0,0,0,0,0,0,0,0
AHE-L89.fasta,AHE-L89,10,13470,1347,898,0.6666666666666666,449,0.3333333333333333,236,0.17520415738678544,747,0.055456570155902,0.35412026726057905,0.589977728285078,12717,0,747,4305,2178,2592,3642,6,0,0,0,0,0,0,0,0,0,0,0
AHE-L90.fasta,AHE-L90,10,14310,1428,579,0.4054621848739496,849,0.5945378151260504,452,0.3165266106442577,1293,0.09035639412997903,0.32746331236897275,0.580503144654088,12993,0,1293,5632,1910,2776,2675,23,0,1,0,0,0,0,0,0,0,0,0
AHE-L91.fasta,AHE-L91,10,15210,1518,670,0.4413702239789196,848,0.5586297760210803,506,0.3333333333333333,2076,0.13648915187376726,0.3965154503616042,0.46541748849441156,13110,0,2076,4304,3134,2897,2775,23,1,0,0,0,0,0,0,0,0,0,0
AHE-L92.fasta,AHE-L92,10,13500,1346,829,0.6158989598811293,517,0.38410104011887075,329,0.24442793462109955,1959,0.1451111111111111,0.43503703703703706,0.41903703703703704,11530,0,1959,2973,2794,3079,2684,11,0,0,0,0,0,0,0,0,0,0,0
AHE-L93.fasta,AHE-L93,10,17190,1707,1110,0.6502636203866432,597,0.34973637961335674,287,0.1681312243702402,4140,0.24083769633507854,0.30634089586969165,0.44368819080860966,12893,0,4140,3976,2441,2825,3651,157,0,0,0,0,0,0,0,0,0,0,0
AHE-L94.fasta,AHE-L94,10,15240,1520,713,0.46907894736842104,807,0.530921052631579,436,0.2868421052631579,2463,0.16161417322834645,0.3741469816272966,0.4633202099737533,12763,0,2463,4057,2791,2911,3004,14,0,0,0,0,0,0,0,0,0,0,0
AHE-L95.fasta,AHE-L95,10,17910,1787,1089,0.6094012311135982,698,0.39059876888640177,372,0.2081701175153889,4176,0.23316582914572864,0.37141261864879954,0.38302624232272475,13512,0,4176,3917,3666,2986,2943,221,0,1,0,0,0,0,0,0,0,0,0
AHE-L96.fasta,AHE-L96,10,16590,1658,1162,0.7008443908323281,496,0.2991556091676719,285,0.17189384800965019,3372,0.20325497287522604,0.41820373719107895,0.3774562989752863,13200,0,3372,3524,3218,3720,2738,17,1,0,0,0,0,0,0,0,0,0,0
AHE-L97.fasta,AHE-L97,10,13860,1384,582,0.42052023121387283,802,0.5794797687861272,425,0.3070809248554913,1071,0.07727272727272727,0.3704906204906205,0.5494949494949495,12751,0,1071,3511,2676,2459,4105,38,0,0,0,0,0,0,0,0,0,0,0
AHE-L98.fasta,AHE-L98,10,18300,1829,1251,0.6839803171131766,578,0.3160196828868234,373,0.20393657736468015,4332,0.23672131147540984,0.37437158469945353,0.3885245901639344,13961,0,4332,4496,3232,3619,2614,6,0,1,0,0,0,0,0,0,0,0,0
AHE-L99.fasta,AHE-L99,10,15210,1519,706,0.4647794601711652,813,0.5352205398288348,426,0.2804476629361422,2187,0.1437869822485207,0.40611439842209074,0.4457593688362919,12957,0,2187,4471,3184,2993,2309,66,0,0,0,0,0,0,0,0,0,0,0
AHE-L100.fasta,AHE-L100,10,15840,1582,959,0.6061946902654868,623,0.3938053097345133,387,0.24462705436156765,2154,0.1359848484848485,0.39791666666666664,0.46559343434343436,13678,0,2154,3715,3773,2530,3660,8,0,0,0,0,0,0,0,0,0,0,0
AHE-L101.fasta,AHE-L101,9,12906,1432,597,0.4168994413407821,835,0.5831005586592178,438,0.3058659217877095,897,0.0695025569502557,0.41593057492639085,0.48016426468309314,11565,0,897,3485,2931,2437,2712,444,0,0,0,0,0,0,0,0,0,0,0
AHE-L102.fasta,AHE-L102,10,15900,1589,1112,0.6998112020138452,477,0.30018879798615483,239,0.15040906230333542,1137,0.07150943396226415,0.4784276729559748,0.4483018867924528,14735,0,1137,4029,4065,3542,3099,28,0,0,0,0,0,0,0,0,0,0,0
AHE-L103.fasta,AHE-L103,10,16620,1659,1119,0.674502712477396,540,0.325497287522604,253,0.1525015069318867,3717,0.22364620938628157,0.32117930204572803,0.4506016847172082,12827,0,3717,4008,2709,2629,3481,76,0,0,0,0,0,0,0,0,0,0,0
AHE-L104.fasta,AHE-L104,10,12720,1268,907,0.7152996845425867,361,0.28470031545741326,227,0.17902208201892744,1809,0.14221698113207548,0.419811320754717,0.43592767295597484,10885,0,1809,2765,2761,2579,2780,26,0,0,0,0,0,0,0,0,0,0,0
AHE-L105.fasta,AHE-L105,10,10860,1082,561,0.5184842883548983,521,0.48151571164510165,304,0.2809611829944547,96,0.008839779005524863,0.43139963167587475,0.5578268876611419,10743,0,96,3194,2120,2565,2864,21,0,0,0,0,0,0,0,0,0,0,0
AHE-L106.fasta,AHE-L106,10,17070,1703,912,0.5355255431591309,791,0.4644744568408691,434,0.25484439224897243,3444,0.20175746924428822,0.3164030462800234,0.4807850029291154,13608,0,3444,5040,2585,2816,3167,18,0,0,0,0,0,0,0,0,0,0,0
AHE-L107.fasta,AHE-L107,10,8910,889,344,0.38695163104611924,545,0.6130483689538808,315,0.3543307086614173,339,0.038047138047138045,0.3686868686868687,0.5904601571268238,8546,0,339,2433,1554,1731,2828,25,0,0,0,0,0,0,0,0,0,0,0
AHE-L108.fasta,AHE-L108,10,5610,558,396,0.7096774193548387,162,0.2903225806451613,118,0.2114695340501792,24,0.0042780748663101605,0.5014260249554368,0.48877005347593583,5555,0,24,1390,1483,1330,1352,31,0,0,0,0,0,0,0,0,0,0,0
AHE-L109.fasta,AHE-L109,10,10950,1092,635,0.5815018315018315,457,0.4184981684981685,238,0.21794871794871795,2217,0.20246575342465753,0.30767123287671233,0.4878538812785388,8711,0,2217,2527,1762,1607,2815,22,0,0,0,0,0,0,0,0,0,0,0
AHE-L110.fasta,AHE-L110,10,15480,1548,863,0.5574935400516796,685,0.44250645994832044,395,0.25516795865633074,1809,0.11686046511627907,0.3704134366925065,0.5119509043927648,13659,0,1809,4512,2654,3080,3413,12,0,0,0,0,0,0,0,0,0,0,0
AHE-L111.fasta,AHE-L111,10,9480,938,609,0.6492537313432836,329,0.35074626865671643,178,0.18976545842217485,3147,0.3319620253164557,0.2843881856540084,0.3759493670886076,6260,0,3147,1605,1389,1307,1959,73,0,0,0,0,0,0,0,0,0,0,0
AHE-L112.fasta,AHE-L112,10,12060,1201,707,0.5886761032472939,494,0.4113238967527061,252,0.20982514571190675,1098,0.09104477611940298,0.39071310116086233,0.5165837479270315,10942,0,1098,3255,2403,2309,2975,20,0,0,0,0,0,0,0,0,0,0,0
AHE-L113.fasta,AHE-L113,10,7110,709,410,0.5782792665726375,299,0.4217207334273625,192,0.27080394922425954,270,0.0379746835443038,0.4988748241912799,0.45949367088607596,6814,0,270,1401,1894,1653,1866,26,0,0,0,0,0,0,0,0,0,0,0
AHE-L114.fasta,AHE-L114,10,12090,1208,689,0.570364238410596,519,0.429635761589404,337,0.27897350993377484,411,0.033995037220843675,0.44516129032258067,0.5187758478081059,11654,0,411,3420,2654,2728,2852,24,0,1,0,0,0,0,0,0,0,0,0
AHE-L115.fasta,AHE-L115,8,10848,1353,603,0.44567627494456763,750,0.5543237250554324,391,0.28898743532889876,735,0.06775442477876106,0.6296091445427728,0.3010693215339233,10096,0,735,1557,3951,2879,1709,17,0,0,0,0,0,0,0,0,0,0,0
AHE-L116.fasta,AHE-L116,9,14310,1590,726,0.45660377358490567,864,0.5433962264150943,484,0.30440251572327043,2214,0.15471698113207547,0.3696715583508036,0.4746331236897275,12082,0,2214,3294,2981,2309,3498,14,0,0,0,0,0,0,0,0,0,0,0
AHE-L118.fasta,AHE-L118,10,18390,1837,1403,0.763745236799129,434,0.236254763200871,201,0.10941752857920523,4458,0.24241435562805871,0.2936378466557912,0.46253398586188144,13906,0,4458,4535,2228,3172,3971,26,0,0,0,0,0,0,0,0,0,0,0
AHE-L119.fasta,AHE-L119,10,15930,1592,1060,0.6658291457286433,532,0.3341708542713568,344,0.21608040201005024,2208,0.13860640301318267,0.3731952291274325,0.4874450721908349,13710,0,2208,4037,2821,3124,3728,12,0,0,0,0,0,0,0,0,0,0,0
AHE-L120.fasta,AHE-L120,10,13140,1311,639,0.4874141876430206,672,0.5125858123569794,410,0.3127383676582761,2247,0.17100456621004567,0.36917808219178083,0.458751902587519,10879,0,2247,3660,2417,2434,2368,14,0,0,0,0,0,0,0,0,0,0,0
AHE-L121.fasta,AHE-L121,10,11340,1133,631,0.5569285083848191,502,0.44307149161518095,292,0.25772285966460723,2259,0.1992063492063492,0.4451499118165785,0.3540564373897707,9063,0,2259,2237,2842,2206,1778,18,0,0,0,0,0,0,0,0,0,0,0
AHE-L122.fasta,AHE-L122,9,10071,771,352,0.4565499351491569,419,0.543450064850843,222,0.28793774319066145,1563,0.15519809353589514,0.3623274749280111,0.22321517227683446,5897,0,1563,1213,1817,1832,1035,2611,0,0,0,0,0,0,0,0,0,0,0
AHE-L123.fasta,AHE-L123,9,13473,1493,980,0.6563965170797053,513,0.3436034829202947,216,0.144675150703282,3033,0.22511690046760188,0.3226452905811623,0.4482297929191717,10386,0,3033,3060,2125,2222,2979,54,0,0,0,0,0,0,0,0,0,0,0
AHE-L124.fasta,AHE-L124,10,14820,1477,932,0.6310088016249153,545,0.36899119837508465,293,0.1983750846310088,1188,0.08016194331983806,0.36538461538461536,0.5525641025641026,13604,0,1188,4547,2683,2732,3642,28,0,0,0,0,0,0,0,0,0,0,0
AHE-L125.fasta,AHE-L125,10,13860,1385,883,0.6375451263537906,502,0.3624548736462094,278,0.2007220216606498,348,0.025108225108225107,0.4282106782106782,0.5442279942279943,13478,0,348,4222,3093,2842,3321,26,2,6,0,0,0,0,0,0,0,0,0
AHE-L126.fasta,AHE-L126,10,15750,1573,1000,0.6357279084551812,573,0.3642720915448188,345,0.2193261284170375,2073,0.1316190476190476,0.48419047619047617,0.38342857142857145,13665,0,2073,2948,3817,3809,3091,11,0,1,0,0,0,0,0,0,0,0,0
AHE-L127.fasta,AHE-L127,10,9270,925,484,0.5232432432432432,441,0.47675675675675677,243,0.2627027027027027,54,0.005825242718446602,0.3995685005393743,0.5911542610571737,9184,0,54,2839,1935,1769,2641,31,0,1,0,0,0,0,0,0,0,0,0
AHE-L128.fasta,AHE-L128,10,18000,1800,1234,0.6855555555555556,566,0.31444444444444447,311,0.17277777777777778,4083,0.22683333333333333,0.3211111111111111,0.4518888888888889,13914,0,4083,4052,2805,2975,4082,3,0,0,0,0,0,0,0,0,0,0,0
AHE-L129.fasta,AHE-L129,10,15930,1592,1022,0.6419597989949749,570,0.35804020100502515,324,0.20351758793969849,2172,0.13634651600753295,0.3704331450094162,0.4920276208411802,13739,0,2172,4334,3123,2778,3504,18,1,0,0,0,0,0,0,0,0,0,0
AHE-L130.fasta,AHE-L130,10,18090,1804,1012,0.5609756097560976,792,0.43902439024390244,368,0.2039911308203991,618,0.03416252072968491,0.4140961857379768,0.5506909894969596,17453,0,618,5158,3883,3608,4804,18,1,0,0,0,0,0,0,0,0,0,0
AHE-L131.fasta,AHE-L131,10,11160,1114,499,0.447935368043088,615,0.552064631956912,335,0.3007181328545781,1131,0.10134408602150538,0.3626344086021505,0.5005376344086021,9633,0,1131,3095,1975,2072,2491,396,0,0,0,0,0,0,0,0,0,0,0
AHE-L132.fasta,AHE-L132,10,12930,1287,711,0.5524475524475524,576,0.44755244755244755,349,0.27117327117327117,3303,0.2554524361948956,0.33789636504253673,0.4048723897911833,9604,0,3303,3156,2372,1997,2079,23,0,0,0,0,0,0,0,0,0,0,0
AHE-L133.fasta,AHE-L133,9,8019,889,307,0.34533183352080987,582,0.6546681664791901,290,0.3262092238470191,873,0.10886644219977554,0.38620775657812695,0.5018082055119092,7121,0,873,2386,1668,1429,1638,25,0,0,0,0,0,0,0,0,0,0,0
AHE-L135.fasta,AHE-L135,10,17730,1768,1060,0.5995475113122172,708,0.4004524886877828,363,0.20531674208144796,2019,0.11387478849407784,0.39278059785673997,0.49216018048505356,15690,0,2019,4783,3697,3267,3943,21,0,0,0,0,0,0,0,0,0,0,0
AHE-L136.fasta,AHE-L136,9,17091,1899,783,0.41232227488151657,1116,0.5876777251184834,674,0.3549236440231701,501,0.029313673863436897,0.3545725820607337,0.613831841319993,16551,0,501,5223,3098,2962,5268,39,0,0,0,0,0,0,0,0,0,0,0
AHE-L137.fasta,AHE-L137,10,13530,1351,724,0.535899333826795,627,0.46410066617320506,329,0.24352331606217617,825,0.06097560975609756,0.362379896526238,0.5745750184774575,12677,0,825,4092,2084,2819,3682,28,0,0,0,0,0,0,0,0,0,0,0
AHE-L138.fasta,AHE-L138,9,4239,464,300,0.646551724137931,164,0.35344827586206895,47,0.10129310344827586,1089,0.25690021231422505,0.29889124793583394,0.42651568766218445,3075,0,1089,843,712,555,965,75,0,0,0,0,0,0,0,0,0,0,0
AHE-L139.fasta,AHE-L139,10,11190,1118,366,0.32737030411449014,752,0.6726296958855098,453,0.40518783542039355,552,0.04932975871313673,0.41063449508489724,0.5387846291331546,10624,0,552,2971,2304,2291,3058,14,0,0,0,0,0,0,0,0,0,0,0
AHE-L141.fasta,AHE-L141,9,13365,1483,679,0.4578556979096426,804,0.5421443020903574,437,0.2946729602157788,1164,0.08709315375982042,0.3550317994762439,0.5572764683875795,12193,0,1164,3974,2224,2521,3474,7,1,0,0,0,0,0,0,0,0,0,0
AHE-L142.fasta,AHE-L142,9,7128,788,326,0.4137055837563452,462,0.5862944162436549,205,0.26015228426395937,1278,0.17929292929292928,0.3174803591470258,0.49326599326599324,5779,0,1278,1999,1058,1205,1517,71,0,0,0,0,0,0,0,0,0,0,0
AHE-L143.fasta,AHE-L143,9,12285,1361,686,0.5040411462160176,675,0.49595885378398236,336,0.24687729610580456,687,0.055921855921855924,0.3754171754171754,0.5673585673585674,11582,0,687,3493,2240,2372,3477,16,0,0,0,0,0,0,0,0,0,0,0
AHE-L144.fasta,AHE-L144,10,17460,1740,1140,0.6551724137931034,600,0.3448275862068966,304,0.17471264367816092,3681,0.21082474226804124,0.32898052691867125,0.45733104238258876,13729,0,3681,4483,3057,2687,3502,50,0,0,0,0,0,0,0,0,0,0,0
AHE-L145.fasta,AHE-L145,10,15240,1520,1089,0.7164473684210526,431,0.2835526315789474,236,0.15526315789473685,2565,0.16830708661417323,0.42355643044619423,0.4056430446194226,12637,0,2565,3479,3619,2836,2703,35,1,2,0,0,0,0,0,0,0,0,0
AHE-L146.fasta,AHE-L146,10,17640,1761,911,0.5173197047132311,850,0.48268029528676887,486,0.27597955706984667,918,0.05204081632653061,0.3907596371882086,0.5560657596371882,16702,0,918,4868,3318,3575,4941,20,0,0,0,0,0,0,0,0,0,0,0
AHE-L147.fasta,AHE-L147,10,11040,1102,578,0.5245009074410163,524,0.47549909255898365,316,0.2867513611615245,1053,0.0953804347826087,0.3601449275362319,0.5422101449275363,9962,0,1053,2636,2059,1917,3350,25,0,0,0,0,0,0,0,0,0,0,0
AHE-L148.fasta,AHE-L148,10,18570,1855,1165,0.628032345013477,690,0.3719676549865229,355,0.19137466307277629,2319,0.12487883683360258,0.40807754442649435,0.46661281637049,16243,0,2319,4355,4642,2936,4310,8,0,0,0,0,0,0,0,0,0,0,0
AHE-L149.fasta,AHE-L149,10,9600,960,623,0.6489583333333333,337,0.35104166666666664,182,0.18958333333333333,2802,0.291875,0.3365625,0.3697916666666667,6781,0,2802,1752,1597,1634,1798,17,0,0,0,0,0,0,0,0,0,0,0
AHE-L150.fasta,AHE-L150,10,16410,1638,765,0.46703296703296704,873,0.532967032967033,511,0.31196581196581197,3111,0.18957952468007314,0.3875076173065204,0.4082876294942108,13059,0,3111,3244,3094,3265,3456,240,0,0,0,0,0,0,0,0,0,0,0
AHE-L151.fasta,AHE-L151,10,14670,1467,804,0.5480572597137015,663,0.45194274028629855,404,0.27539195637355146,1056,0.0719836400817996,0.43081117927743695,0.49659168370824813,13605,0,1056,3489,3236,3084,3796,9,0,0,0,0,0,0,0,0,0,0,0
AHE-L152.fasta,AHE-L152,10,14070,1406,867,0.616642958748222,539,0.3833570412517781,363,0.2581792318634424,543,0.03859275053304904,0.5001421464108031,0.46083866382373845,13521,0,543,3491,3491,3546,2993,6,0,0,0,0,0,0,0,0,0,0,0
AHE-L153.fasta,AHE-L153,10,17910,1789,1085,0.606484069312465,704,0.39351593068753493,392,0.21911682504192287,3990,0.22278056951423786,0.33255164712451146,0.44399776661083196,13908,0,3990,4318,2941,3015,3634,11,0,1,0,0,0,0,0,0,0,0,0
AHE-L155.fasta,AHE-L155,10,9780,976,622,0.6372950819672131,354,0.36270491803278687,170,0.17418032786885246,795,0.08128834355828221,0.4078732106339468,0.5078732106339469,8956,0,795,2575,2067,1922,2392,29,0,0,0,0,0,0,0,0,0,0,0
AHE-L156.fasta,AHE-L156,10,14280,1426,766,0.5371669004207573,660,0.4628330995792426,343,0.24053295932678823,753,0.05273109243697479,0.4134453781512605,0.5320728291316527,13502,0,753,4148,3077,2827,3450,25,0,0,0,0,0,0,0,0,0,0,0
AHE-L157.fasta,AHE-L157,10,16980,1697,998,0.5880966411314084,699,0.41190335886859164,387,0.2280494991160872,3318,0.19540636042402826,0.4004711425206125,0.402414605418139,13633,0,3318,3860,3761,3039,2973,28,1,0,0,0,0,0,0,0,0,0,0
AHE-L158.fasta,AHE-L158,10,13770,1375,834,0.6065454545454545,541,0.39345454545454545,300,0.21818181818181817,1677,0.12178649237472768,0.3728395061728395,0.5044299201161946,12080,0,1677,4764,2005,3129,2182,13,0,0,0,0,0,0,0,0,0,0,0
AHE-L159.fasta,AHE-L159,10,18270,1822,1222,0.6706915477497256,600,0.32930845225027444,354,0.1942919868276619,4281,0.2343185550082102,0.34192665571975916,0.42244116037219487,13965,0,4281,4340,2845,3402,3378,22,0,2,0,0,0,0,0,0,0,0,0
AHE-L160.fasta,AHE-L160,10,15840,1579,1064,0.6738442051931602,515,0.32615579480683976,278,0.17606079797340088,3894,0.24583333333333332,0.3191287878787879,0.4336489898989899,11924,0,3894,3866,2631,2424,3003,22,0,0,0,0,0,0,0,0,0,0,0
AHE-L161.fasta,AHE-L161,10,15300,1529,1015,0.6638325703073904,514,0.33616742969260954,246,0.16088947024198821,2913,0.1903921568627451,0.4183660130718954,0.38973856209150326,12364,0,2913,3283,3594,2807,2680,23,0,0,0,0,0,0,0,0,0,0,0
AHE-L162.fasta,AHE-L162,9,7047,783,400,0.5108556832694764,383,0.4891443167305236,179,0.22860791826309068,1314,0.18646232439335889,0.3740598836384277,0.438058748403576,5723,0,1314,1257,1496,1140,1830,10,0,0,0,0,0,0,0,0,0,0,0
AHE-L163.fasta,AHE-L163,10,13680,1367,502,0.3672275054864667,865,0.6327724945135332,481,0.351865398683248,438,0.032017543859649125,0.43457602339181284,0.5325292397660819,13230,0,438,3948,2995,2950,3337,12,0,0,0,0,0,0,0,0,0,0,0
AHE-L164.fasta,AHE-L164,10,17100,1710,1122,0.656140350877193,588,0.34385964912280703,290,0.1695906432748538,339,0.019824561403508772,0.41350877192982455,0.5661403508771929,16752,0,339,4888,3904,3167,4793,9,0,0,0,0,0,0,0,0,0,0,0
AHE-L165.fasta,AHE-L165,10,12150,1214,774,0.6375617792421746,440,0.3624382207578254,241,0.1985172981878089,186,0.015308641975308642,0.42213991769547327,0.5616460905349794,11953,0,186,3590,2453,2676,3234,11,0,0,0,0,0,0,0,0,0,0,0
AHE-L166.fasta,AHE-L166,10,14100,1405,585,0.41637010676156583,820,0.5836298932384342,452,0.3217081850533808,822,0.05829787234042553,0.39092198581560283,0.5491489361702128,13255,0,822,4150,2653,2859,3593,23,0,0,0,0,0,0,0,0,0,0,0
AHE-L167.fasta,AHE-L167,10,16980,1695,961,0.5669616519174041,734,0.4330383480825959,422,0.24896755162241888,3201,0.18851590106007068,0.32820965842167255,0.4821554770318021,13760,0,3201,4523,2484,3089,3664,19,0,0,0,0,0,0,0,0,0,0,0
AHE-L169.fasta,AHE-L169,10,11160,1114,643,0.5771992818671454,471,0.4228007181328546,287,0.25763016157989227,471,0.04220430107526882,0.41801075268817206,0.5387096774193548,10677,0,471,2826,2509,2156,3186,12,0,0,0,0,0,0,0,0,0,0,0
AHE-L170.fasta,AHE-L170,10,15570,1556,1088,0.699228791773779,468,0.30077120822622105,265,0.17030848329048842,2325,0.14932562620423892,0.3204238921001927,0.5287732819524728,13222,0,2325,4620,2234,2755,3613,21,2,0,0,0,0,0,0,0,0,0,0
AHE-L171.fasta,AHE-L171,10,9810,976,655,0.6711065573770492,321,0.32889344262295084,174,0.17827868852459017,2106,0.21467889908256882,0.3659531090723751,0.41681957186544344,7679,0,2106,2384,1930,1660,1705,25,0,0,0,0,0,0,0,0,0,0,0
AHE-L172.fasta,AHE-L172,10,17340,1729,1262,0.7299016772700984,467,0.2700983227299017,242,0.1399652978600347,3561,0.20536332179930797,0.31701268742791233,0.4765859284890427,13761,0,3561,4413,2458,3039,3851,18,0,0,0,0,0,0,0,0,0,0,0
AHE-L173.fasta,AHE-L173,10,15600,1527,647,0.42370661427635886,880,0.5762933857236411,364,0.2383759004584152,3402,0.21807692307692308,0.25275641025641027,0.3819230769230769,9901,0,3402,3057,1849,2094,2901,2297,0,0,0,0,0,0,0,0,0,0,0
AHE-L174.fasta,AHE-L174,10,16020,1600,789,0.493125,811,0.506875,435,0.271875,2628,0.16404494382022472,0.38083645443196007,0.4543071161048689,13379,0,2628,3946,3371,2730,3332,13,0,0,0,0,0,0,0,0,0,0,0
AHE-L175.fasta,AHE-L175,10,16320,1632,1026,0.6286764705882353,606,0.3713235294117647,298,0.18259803921568626,2586,0.15845588235294117,0.3716299019607843,0.46875,13715,0,2586,4191,3272,2793,3459,18,1,0,0,0,0,0,0,0,0,0,0
AHE-L176.fasta,AHE-L176,10,18180,1816,1243,0.6844713656387665,573,0.31552863436123346,299,0.16464757709251102,4248,0.23366336633663368,0.32387238723872386,0.4411991199119912,13909,0,4248,4570,3071,2817,3451,23,0,0,0,0,0,0,0,0,0,0,0
AHE-L177.fasta,AHE-L177,10,15330,1531,902,0.589157413455258,629,0.410842586544742,311,0.20313520574787722,1851,0.12074363992172212,0.35375081539465103,0.5242661448140901,13460,0,1851,3979,2476,2947,4058,19,0,0,0,0,0,0,0,0,0,0,0
AHE-L178.fasta,AHE-L178,10,9510,948,660,0.6962025316455697,288,0.3037974683544304,155,0.16350210970464135,90,0.00946372239747634,0.4815983175604627,0.5050473186119874,9383,0,90,2161,2561,2019,2642,37,0,0,0,0,0,0,0,0,0,0,0
AHE-L179.fasta,AHE-L179,10,17190,1715,809,0.4717201166180758,906,0.5282798833819242,493,0.287463556851312,2127,0.1237347294938918,0.36451425247236763,0.5100639906922629,15034,0,2127,4988,3030,3236,3780,29,0,0,0,0,0,0,0,0,0,0,0
AHE-L180.fasta,AHE-L180,10,19110,1908,1095,0.5738993710691824,813,0.4261006289308176,427,0.22379454926624737,3144,0.16452119309262167,0.3390894819466248,0.49518576661433805,15943,0,3144,6114,2632,3848,3349,23,0,0,0,0,0,0,0,0,0,0,0
AHE-L181.fasta,AHE-L181,10,17220,1720,1010,0.5872093023255814,710,0.4127906976744186,399,0.23197674418604652,3360,0.1951219512195122,0.31765389082462253,0.48606271777003485,13840,0,3360,4898,2547,2923,3472,19,1,0,0,0,0,0,0,0,0,0,0
AHE-L182.fasta,AHE-L182,10,15210,1518,1192,0.7852437417654808,326,0.2147562582345191,104,0.06851119894598155,3345,0.21992110453648916,0.3611439842209073,0.39644970414201186,11523,0,3345,3042,2487,3006,2988,340,1,1,0,0,0,0,0,0,0,0,0
AHE-L183.fasta,AHE-L183,10,19770,1969,1250,0.6348400203148806,719,0.3651599796851194,325,0.16505840528186896,2931,0.14825493171471926,0.30961052099140113,0.39327263530601925,13896,0,2931,4084,2810,3311,3691,2941,0,2,0,0,0,0,0,0,0,0,0
AHE-L184.fasta,AHE-L184,10,17430,1739,1159,0.6664749856239218,580,0.33352501437607823,288,0.16561242093156986,4524,0.259552495697074,0.4103270223752151,0.3290877796901893,12888,0,4524,3137,3947,3205,2599,18,0,0,0,0,0,0,0,0,0,0,0
AHE-L185.fasta,AHE-L185,10,15750,1572,1060,0.6743002544529262,512,0.3256997455470738,265,0.16857506361323155,2190,0.13904761904761906,0.38177777777777777,0.47784126984126984,13539,0,2190,4188,3427,2586,3338,21,0,0,0,0,0,0,0,0,0,0,0
AHE-L186.fasta,AHE-L186,10,13050,1304,705,0.5406441717791411,599,0.4593558282208589,358,0.2745398773006135,1416,0.10850574712643678,0.5351724137931034,0.3557088122605364,11626,0,1416,2065,3816,3168,2577,7,1,0,0,0,0,0,0,0,0,0,0
AHE-L187.fasta,AHE-L187,10,13560,1355,772,0.5697416974169742,583,0.43025830258302583,294,0.21697416974169742,1866,0.13761061946902656,0.40634218289085544,0.4545722713864307,11674,0,1866,3386,2865,2645,2778,19,1,0,0,0,0,0,0,0,0,0,0
AHE-L188.fasta,AHE-L188,10,18810,1878,1230,0.6549520766773163,648,0.3450479233226837,398,0.21192758253461128,4815,0.25598086124401914,0.35108984582668795,0.3917597022860181,13973,0,4815,4152,3827,2777,3217,21,1,0,0,0,0,0,0,0,0,0,0
AHE-L189.fasta,AHE-L189,10,16320,1630,1073,0.658282208588957,557,0.34171779141104297,295,0.18098159509202455,2574,0.1577205882352941,0.3227328431372549,0.5188725490196079,13735,0,2574,4616,2887,2380,3852,11,0,0,0,0,0,0,0,0,0,0,0
AHE-L190.fasta,AHE-L190,10,9600,956,547,0.5721757322175732,409,0.42782426778242677,181,0.1893305439330544,897,0.0934375,0.3553125,0.5470833333333334,8663,0,897,2596,1659,1752,2656,39,0,1,0,0,0,0,0,0,0,0,0
AHE-L191.fasta,AHE-L191,10,12360,1233,581,0.47120843471208435,652,0.5287915652879156,382,0.3098134630981346,384,0.031067961165048542,0.39029126213592236,0.5770226537216828,11956,0,384,3669,2411,2413,3463,19,0,1,0,0,0,0,0,0,0,0,0
AHE-L192.fasta,AHE-L192,10,16590,1657,869,0.5244417622208811,788,0.4755582377791189,427,0.2576946288473144,510,0.03074141048824593,0.4543701024713683,0.5131404460518385,16051,0,510,4858,4089,3449,3655,29,0,0,0,0,0,0,0,0,0,0,0
AHE-L193.fasta,AHE-L193,10,11910,1188,688,0.5791245791245792,500,0.4208754208754209,334,0.28114478114478114,93,0.0078085642317380355,0.49899244332493703,0.490512174643157,11785,0,93,2908,3023,2920,2934,32,0,0,0,0,0,0,0,0,0,0,0
AHE-L194.fasta,AHE-L194,10,11520,1150,725,0.6304347826086957,425,0.3695652173913043,186,0.1617391304347826,951,0.08255208333333333,0.6196180555555556,0.29522569444444446,10539,0,951,2089,3489,3649,1312,30,0,0,0,0,0,0,0,0,0,0,0
AHE-L195.fasta,AHE-L195,10,12630,1263,891,0.7054631828978623,372,0.29453681710213775,184,0.1456848772763262,1947,0.15415676959619953,0.5744259699129057,0.2709422011084719,10677,0,1947,2023,3637,3618,1399,6,0,0,0,0,0,0,0,0,0,0,0
AHE-L196.fasta,AHE-L196,10,15630,1560,700,0.44871794871794873,860,0.5512820512820513,466,0.2987179487179487,3792,0.24261036468330135,0.35361484325015996,0.3941778630838132,11688,0,3792,2696,2917,2610,3465,150,0,0,0,0,0,0,0,0,0,0,0
AHE-L197.fasta,AHE-L197,10,10560,1053,649,0.6163342830009497,404,0.38366571699905033,222,0.21082621082621084,1797,0.17017045454545454,0.36354166666666665,0.46392045454545455,8738,0,1797,2175,2143,1696,2724,25,0,0,0,0,0,0,0,0,0,0,0
AHE-L198.fasta,AHE-L198,10,7800,780,471,0.6038461538461538,309,0.39615384615384613,177,0.22692307692307692,1905,0.24423076923076922,0.3261538461538461,0.4287179487179487,5888,0,1905,1837,1228,1316,1507,6,1,0,0,0,0,0,0,0,0,0,0
AHE-L199.fasta,AHE-L199,8,10440,1305,486,0.3724137931034483,819,0.6275862068965518,364,0.2789272030651341,612,0.05862068965517241,0.36915708812260534,0.571360153256705,9819,0,612,3410,1942,1912,2555,9,0,0,0,0,0,0,0,0,0,0,0
AHE-L200.fasta,AHE-L200,10,16710,1658,1216,0.7334137515078407,442,0.26658624849215923,230,0.13872135102533173,3237,0.19371633752244166,0.3661280670257331,0.4355475763016158,13396,0,3237,4134,3127,2991,3144,73,1,3,0,0,0,0,0,0,0,0,0
AHE-L201.fasta,AHE-L201,10,16320,1632,1239,0.7591911764705882,393,0.24080882352941177,174,0.10661764705882353,2556,0.15661764705882353,0.41795343137254903,0.4253063725490196,13762,0,2556,3929,4011,2810,3012,2,0,0,0,0,0,0,0,0,0,0,0
AHE-L202.fasta,AHE-L202,10,16500,1650,1292,0.7830303030303031,358,0.21696969696969698,149,0.0903030303030303,567,0.03436363636363637,0.44581818181818184,0.5182424242424243,15907,0,567,4696,3658,3698,3855,26,0,0,0,0,0,0,0,0,0,0,0
AHE-L203.fasta,AHE-L203,10,18630,1862,1397,0.7502685284640171,465,0.24973147153598282,272,0.1460794844253491,4629,0.24847020933977457,0.34358561460010734,0.4072463768115942,13988,0,4629,3744,2826,3575,3843,12,0,1,0,0,0,0,0,0,0,0,0
AHE-L204.fasta,AHE-L204,8,6024,741,386,0.5209176788124157,355,0.47908232118758437,101,0.13630229419703105,858,0.14243027888446216,0.301128818061089,0.5373505976095617,5051,0,858,1491,960,854,1746,115,0,0,0,0,0,0,0,0,0,0,0
AHE-L205.fasta,AHE-L205,10,18510,1849,1328,0.7182260681449432,521,0.2817739318550568,282,0.15251487290427257,4548,0.24570502431118316,0.3117233927606699,0.44089681253376556,13931,0,4548,4715,3207,2563,3446,31,0,0,0,0,0,0,0,0,0,0,0
AHE-L206.fasta,AHE-L206,10,16620,1653,1100,0.6654567453115547,553,0.33454325468844526,315,0.19056261343012704,765,0.046028880866425995,0.41161251504211793,0.5401323706377859,15818,0,765,4633,3300,3541,4344,24,9,4,0,0,0,0,0,0,0,0,0
AHE-L207.fasta,AHE-L207,10,16200,1620,1061,0.6549382716049382,559,0.3450617283950617,327,0.20185185185185187,2559,0.15796296296296297,0.38098765432098763,0.45987654320987653,13622,0,2559,4222,3441,2731,3228,19,0,0,0,0,0,0,0,0,0,0,0
AHE-L208.fasta,AHE-L208,10,17670,1767,1007,0.5698924731182796,760,0.43010752688172044,471,0.266553480475382,4326,0.24482173174872665,0.36819468024900964,0.38613469156762875,13329,0,4326,3995,3492,3014,2828,15,0,0,0,0,0,0,0,0,0,0,0
AHE-L209.fasta,AHE-L209,10,13380,1335,639,0.4786516853932584,696,0.5213483146067416,414,0.3101123595505618,195,0.014573991031390135,0.4508221225710015,0.5319880418535127,13150,0,195,3619,3113,2919,3499,34,1,0,0,0,0,0,0,0,0,0,0
AHE-L210.fasta,AHE-L210,10,15930,1592,1048,0.6582914572864321,544,0.3417085427135678,318,0.19974874371859297,2274,0.14274952919020717,0.3583176396735719,0.4981795354676711,13644,0,2274,3170,2890,2818,4766,11,1,0,0,0,0,0,0,0,0,0,0
AHE-L211.fasta,AHE-L211,10,17940,1792,1042,0.5814732142857143,750,0.4185267857142857,436,0.24330357142857142,2853,0.15903010033444817,0.3816610925306578,0.45819397993311034,15067,0,2853,4938,3125,3722,3282,19,1,0,0,0,0,0,0,0,0,0,0
AHE-L212.fasta,AHE-L212,10,18330,1821,819,0.4497528830313015,1002,0.5502471169686985,564,0.30971993410214166,2649,0.14451718494271687,0.3668303327877796,0.48090561920349156,15539,0,2649,4576,3394,3330,4239,142,0,0,0,0,0,0,0,0,0,0,0
AHE-L213.fasta,AHE-L213,10,10920,1090,606,0.5559633027522936,484,0.44403669724770645,291,0.26697247706422017,441,0.04038461538461539,0.5382783882783883,0.42115384615384616,10477,0,441,2057,3012,2866,2542,2,0,0,0,0,0,0,0,0,0,0,0
AHE-L214.fasta,AHE-L214,10,15540,1548,696,0.4496124031007752,852,0.5503875968992248,387,0.25,2691,0.17316602316602317,0.35373230373230374,0.4694980694980695,12793,0,2691,3586,3336,2161,3710,56,0,0,0,0,0,0,0,0,0,0,0
AHE-L215.fasta,AHE-L215,10,13530,1352,829,0.6131656804733728,523,0.3868343195266272,283,0.20931952662721892,624,0.04611973392461197,0.4664449371766445,0.4860310421286031,12887,0,624,3281,3472,2839,3295,19,0,0,0,0,0,0,0,0,0,0,0
AHE-L216.fasta,AHE-L216,9,14283,1585,615,0.38801261829652994,970,0.61198738170347,523,0.3299684542586751,945,0.0661625708884688,0.6289294966043548,0.3033676398515718,13316,0,945,1518,4631,4352,2815,21,0,1,0,0,0,0,0,0,0,0,0
AHE-L218.fasta,AHE-L218,7,8484,1210,592,0.48925619834710743,618,0.5107438016528926,216,0.17851239669421487,2307,0.2719236209335219,0.3499528524280999,0.3765912305516266,6164,0,2307,1580,1342,1627,1615,13,0,0,0,0,0,0,0,0,0,0,0
AHE-L219.fasta,AHE-L219,10,15960,1593,1019,0.6396735718769617,574,0.3603264281230383,338,0.21217827997489014,2325,0.14567669172932332,0.39335839598997496,0.46021303258145363,13623,0,2325,4150,3298,2980,3195,12,0,0,0,0,0,0,0,0,0,0,0
AHE-L220.fasta,AHE-L220,10,12300,1230,786,0.6390243902439025,444,0.36097560975609755,266,0.216260162601626,45,0.003658536585365854,0.43886178861788616,0.5571544715447154,12251,0,45,3470,2465,2933,3383,4,0,0,0,0,0,0,0,0,0,0,0
AHE-L221.fasta,AHE-L221,10,18180,1812,1140,0.6291390728476821,672,0.3708609271523179,310,0.17108167770419427,2817,0.15495049504950495,0.32436743674367435,0.5138063806380638,15238,0,2817,5125,2908,2989,4216,124,0,1,0,0,0,0,0,0,0,0,0
AHE-L222.fasta,AHE-L222,10,14340,1433,932,0.650383810188416,501,0.3496161898115841,308,0.21493370551290997,774,0.05397489539748954,0.4177126917712692,0.5269874476987447,13547,0,774,4097,3016,2974,3460,18,1,0,0,0,0,0,0,0,0,0,0
AHE-L223.fasta,AHE-L223,8,5760,714,448,0.6274509803921569,266,0.37254901960784315,91,0.12745098039215685,2535,0.4401041666666667,0.18541666666666667,0.36475694444444445,3169,0,2535,1093,560,508,1008,56,0,0,0,0,0,0,0,0,0,0,0
AHE-L224.fasta,AHE-L224,10,10860,1084,697,0.6429889298892989,387,0.3570110701107011,220,0.2029520295202952,183,0.01685082872928177,0.4681399631675875,0.5132596685082873,10658,0,183,2719,2484,2600,2855,19,0,0,0,0,0,0,0,0,0,0,0
AHE-L225.fasta,AHE-L225,10,18540,1852,1337,0.7219222462203023,515,0.2780777537796976,316,0.17062634989200864,4542,0.24498381877022654,0.33802588996763755,0.4156418554476807,13973,0,4542,4073,3259,3008,3633,25,0,0,0,0,0,0,0,0,0,0,0
AHE-L226.fasta,AHE-L226,10,14250,1423,791,0.5558678847505271,632,0.44413211524947294,363,0.2550948699929726,2034,0.14273684210526316,0.4050526315789474,0.4511578947368421,12201,0,2034,3122,2677,3095,3307,14,1,0,0,0,0,0,0,0,0,0,0
AHE-L227.fasta,AHE-L227,10,15690,1568,1014,0.6466836734693877,554,0.35331632653061223,370,0.23596938775510204,2052,0.13078393881453154,0.4984703632887189,0.3691523263224984,13613,0,2052,3057,3729,4092,2735,24,1,0,0,0,0,0,0,0,0,0,0
AHE-L228.fasta,AHE-L228,9,9882,1096,645,0.5885036496350365,451,0.4114963503649635,213,0.19434306569343066,921,0.09319975713418337,0.5453349524387776,0.3587330499898806,8934,0,921,1424,3122,2267,2121,27,0,0,0,0,0,0,0,0,0,0,0
AHE-L229.fasta,AHE-L229,10,15240,1520,912,0.6,608,0.4,413,0.27171052631578946,1698,0.11141732283464567,0.4532808398950131,0.43366141732283464,13517,0,1698,3473,3317,3591,3136,25,0,0,0,0,0,0,0,0,0,0,0
AHE-L230.fasta,AHE-L230,10,15540,1548,810,0.5232558139534884,738,0.47674418604651164,510,0.32945736434108525,1755,0.11293436293436293,0.4494208494208494,0.4355855855855856,13753,0,1755,4030,3348,3636,2739,31,1,0,0,0,0,0,0,0,0,0,0
AHE-L231.fasta,AHE-L231,10,10140,1012,676,0.6679841897233202,336,0.33201581027667987,177,0.17490118577075098,1044,0.10295857988165681,0.4330374753451677,0.4625246548323471,9081,0,1044,2646,2147,2244,2044,15,0,0,0,0,0,0,0,0,0,0,0
AHE-L232.fasta,AHE-L232,10,15930,1592,966,0.6067839195979899,626,0.39321608040201006,361,0.22675879396984924,2214,0.13898305084745763,0.3903954802259887,0.46905210295040806,13691,0,2214,4169,3114,3105,3303,25,0,0,0,0,0,0,0,0,0,0,0
AHE-L233.fasta,AHE-L233,10,8280,827,431,0.5211608222490931,396,0.4788391777509069,237,0.28657799274486095,690,0.08333333333333333,0.47294685990338164,0.4405797101449275,7564,0,690,1937,2289,1627,1711,25,1,0,0,0,0,0,0,0,0,0,0
AHE-L234.fasta,AHE-L234,10,13470,1339,752,0.561613144137416,587,0.438386855862584,357,0.2666168782673637,3597,0.2670378619153675,0.3196733481811433,0.40289532293986635,9733,0,3597,2752,2216,2090,2675,139,0,1,0,0,0,0,0,0,0,0,0
AHE-L235.fasta,AHE-L235,9,8694,962,412,0.4282744282744283,550,0.5717255717255717,256,0.2661122661122661,1890,0.21739130434782608,0.3646192776627559,0.4147688060731539,6776,0,1890,2069,1583,1587,1537,27,0,1,0,0,0,0,0,0,0,0,0
AHE-L236.fasta,AHE-L236,10,16230,1622,1085,0.6689272503082614,537,0.3310727496917386,235,0.14488286066584463,2517,0.15508317929759705,0.35027726432532347,0.4938385705483672,13700,0,2517,4705,3316,2369,3310,13,0,0,0,0,0,0,0,0,0,0,0
AHE-L237.fasta,AHE-L237,9,13473,1494,516,0.3453815261044177,978,0.6546184738955824,429,0.28714859437751006,3519,0.26118904475617905,0.33244266310398574,0.40473539671936465,9932,0,3519,3205,2458,2021,2248,22,0,0,0,0,0,0,0,0,0,0,0
AHE-L238.fasta,AHE-L238,10,16800,1677,966,0.5760286225402504,711,0.42397137745974955,382,0.2277877161598092,2706,0.16107142857142856,0.5288690476190476,0.30142857142857143,13949,0,2706,2183,4757,4128,2881,145,0,0,0,0,0,0,0,0,0,0,0
AHE-L239.fasta,AHE-L239,10,18990,1897,1400,0.7380073800738007,497,0.26199261992619927,255,0.13442277279915657,4509,0.23744075829383887,0.3338599262769879,0.42717219589257505,14452,0,4509,4951,3004,3336,3161,29,0,0,0,0,0,0,0,0,0,0,0
AHE-L240.fasta,AHE-L240,10,19020,1901,982,0.5165702261967385,919,0.48342977380326146,559,0.29405576012624934,2421,0.1272870662460568,0.449211356466877,0.4220820189274448,16572,0,2421,4496,4890,3654,3532,27,0,0,0,0,0,0,0,0,0,0,0
AHE-L241.fasta,AHE-L241,10,13770,1376,663,0.48183139534883723,713,0.5181686046511628,334,0.24273255813953487,534,0.038779956427015254,0.38867102396514164,0.5710239651416122,13215,0,534,4269,3082,2270,3594,21,0,0,0,0,0,0,0,0,0,0,0
AHE-L242.fasta,AHE-L242,10,15600,1559,791,0.5073765234124439,768,0.4926234765875561,414,0.2655548428479795,3075,0.1971153846153846,0.45576923076923076,0.34532051282051285,12497,0,3075,2978,4202,2908,2409,27,0,1,0,0,0,0,0,0,0,0,0
AHE-L243.fasta,AHE-L243,10,14790,1473,1052,0.7141887304820095,421,0.2858112695179905,251,0.17040054310930075,4095,0.2768762677484787,0.368762677484787,0.3521974306964165,10663,0,4095,2569,2807,2647,2640,31,0,1,0,0,0,0,0,0,0,0,0
AHE-L244.fasta,AHE-L244,10,9000,897,463,0.5161649944258639,434,0.483835005574136,171,0.19063545150501673,1614,0.17933333333333334,0.34933333333333333,0.4678888888888889,7355,0,1614,2299,1462,1682,1912,31,0,0,0,0,0,0,0,0,0,0,0
AHE-L245.fasta,AHE-L245,10,16710,1668,1100,0.6594724220623501,568,0.3405275779376499,368,0.22062350119904076,2937,0.17576301615798923,0.4383004189108318,0.3836026331538001,13734,0,2937,3577,4176,3148,2833,37,2,0,0,0,0,0,0,0,0,0,0
AHE-L246.fasta,AHE-L246,9,11178,1230,786,0.6390243902439025,444,0.36097560975609755,133,0.108130081300813,2811,0.2514761137949544,0.2744677044193952,0.45875827518339596,8196,0,2811,2591,1369,1699,2537,171,0,0,0,0,0,0,0,0,0,0,0
AHE-L247.fasta,AHE-L247,6,8154,1358,696,0.5125184094256259,662,0.48748159057437407,184,0.13549337260677466,1098,0.1346578366445916,0.4206524405199902,0.44162374294824625,7031,0,1098,1918,1889,1541,1683,25,0,0,0,0,0,0,0,0,0,0,0
AHE-L248.fasta,AHE-L248,10,13440,1341,569,0.424310216256525,772,0.575689783743475,444,0.33109619686800895,1092,0.08125,0.4498511904761905,0.4671875,12325,0,1092,3685,3093,2953,2594,23,0,0,0,0,0,0,0,0,0,0,0
AHE-L250.fasta,AHE-L250,10,21450,2143,1215,0.566962202519832,928,0.43303779748016796,525,0.24498366775548297,2343,0.10923076923076923,0.4035897435897436,0.48554778554778555,19072,0,2343,6082,4356,4301,4333,35,0,0,0,0,0,0,0,0,0,0,0
AHE-L251.fasta,AHE-L251,10,18360,1822,789,0.43304061470911087,1033,0.5669593852908892,467,0.25631174533479695,2013,0.10964052287581699,0.3964052287581699,0.4377995642701525,15316,0,2013,3626,3434,3844,4412,1031,0,0,0,0,0,0,0,0,0,0,0
AHE-L252.fasta,AHE-L252,9,15147,1644,1496,0.9099756690997567,148,0.09002433090024331,26,0.015815085158150853,2931,0.1935036640918994,0.29906912259853435,0.48762131115072294,11916,0,2931,4055,2192,2338,3331,297,0,3,0,0,0,0,0,0,0,0,0
AHE-L253.fasta,AHE-L253,9,15336,1684,1126,0.668646080760095,558,0.331353919239905,192,0.11401425178147269,1557,0.10152582159624413,0.30568596765779865,0.5432968179447053,13020,0,1557,4035,2233,2455,4297,759,0,0,0,0,0,0,0,0,0,0,0
AHE-L254.fasta,AHE-L254,10,16410,1639,761,0.4643075045759609,878,0.5356924954240391,499,0.30445393532641857,2916,0.1776965265082267,0.34875076173065206,0.4719683120048751,13468,0,2916,4784,2853,2870,2961,26,0,0,0,0,0,0,0,0,0,0,0
AHE-L256.fasta,AHE-L256,9,5292,582,412,0.7079037800687286,170,0.2920962199312715,38,0.06529209621993128,315,0.05952380952380952,0.36167800453514737,0.5695389266817839,4928,0,315,1541,906,1008,1473,49,0,0,0,0,0,0,0,0,0,0,0
AHE-L257.fasta,AHE-L257,10,11970,1193,558,0.4677284157585918,635,0.5322715842414082,335,0.2808046940486169,726,0.060651629072681706,0.38613199665831244,0.5519632414369257,11229,0,726,3618,2292,2330,2989,15,0,0,0,0,0,0,0,0,0,0,0
AHE-L259.fasta,AHE-L259,10,16680,1665,1101,0.6612612612612613,564,0.3387387387387387,345,0.2072072072072072,2898,0.1737410071942446,0.3552158273381295,0.46954436450839326,13757,0,2898,4271,2657,3268,3561,25,0,0,0,0,0,0,0,0,0,0,0
AHE-L260.fasta,AHE-L260,10,18840,1880,1436,0.7638297872340426,444,0.23617021276595745,252,0.13404255319148936,4830,0.25636942675159236,0.33964968152866243,0.4024416135881104,13981,0,4830,3887,2970,3429,3695,28,0,1,0,0,0,0,0,0,0,0,0
AHE-L261.fasta,AHE-L261,10,14070,1406,818,0.5817923186344239,588,0.4182076813655761,350,0.24893314366998578,789,0.05607675906183369,0.4691542288557214,0.47078891257995736,13225,0,789,3451,3348,3253,3173,56,0,0,0,0,0,0,0,0,0,0,0
AHE-L262.fasta,AHE-L262,9,1539,170,109,0.6411764705882353,61,0.3588235294117647,36,0.21176470588235294,0,0,0.5185185185185185,0.47368421052631576,1527,0,0,456,293,505,273,12,0,0,0,0,0,0,0,0,0,0,0
AHE-L263.fasta,AHE-L263,8,6552,818,433,0.5293398533007335,385,0.4706601466992665,198,0.24205378973105135,84,0.01282051282051282,0.5436507936507936,0.4409340659340659,6451,0,84,1480,2012,1550,1409,17,0,0,0,0,0,0,0,0,0,0,0
AHE-L264.fasta,AHE-L264,10,8700,868,529,0.6094470046082949,339,0.39055299539170507,207,0.23847926267281105,66,0.007586206896551724,0.4725287356321839,0.5174712643678161,8613,0,66,2196,2053,2058,2306,21,0,0,0,0,0,0,0,0,0,0,0
AHE-L265.fasta,AHE-L265,10,14100,1407,1077,0.7654584221748401,330,0.2345415778251599,155,0.11016346837242359,4179,0.29638297872340424,0.3576595744680851,0.3446808510638298,9903,0,4179,2423,2744,2299,2437,18,0,0,0,0,0,0,0,0,0,0,0
AHE-L266.fasta,AHE-L266,10,6540,654,482,0.7370030581039755,172,0.26299694189602446,63,0.0963302752293578,465,0.07110091743119266,0.42966360856269115,0.49617737003058104,6055,0,465,1780,1557,1253,1465,20,0,0,0,0,0,0,0,0,0,0,0
AHE-L267.fasta,AHE-L267,10,19260,1924,1266,0.658004158004158,658,0.341995841995842,329,0.170997920997921,5214,0.2707165109034268,0.3240913811007269,0.40430944963655246,14029,0,5214,4458,3239,3003,3329,17,0,0,0,0,0,0,0,0,0,0,0
AHE-L268.fasta,AHE-L268,10,13800,1380,486,0.3521739130434783,894,0.6478260869565218,588,0.4260869565217391,777,0.05630434782608695,0.44963768115942027,0.49282608695652175,13006,0,777,3364,3443,2762,3437,17,0,0,0,0,0,0,0,0,0,0,0
AHE-L269.fasta,AHE-L269,10,16230,1621,1067,0.6582356570018507,554,0.3417643429981493,401,0.2473781616286243,486,0.029944547134935304,0.4749845964263709,0.4947011706715958,15738,0,486,4441,3970,3739,3588,6,0,0,0,0,0,0,0,0,0,0,0
AHE-L270.fasta,AHE-L270,10,12090,1208,682,0.5645695364238411,526,0.43543046357615894,321,0.26572847682119205,894,0.07394540942928039,0.4616211745244003,0.46220016542597187,11169,0,894,3037,2683,2898,2551,27,0,0,0,0,0,0,0,0,0,0,0
AHE-L271.fasta,AHE-L271,10,13530,1352,863,0.6383136094674556,489,0.36168639053254437,304,0.22485207100591717,486,0.03592017738359202,0.5073170731707317,0.45528455284552843,13024,0,486,2837,3380,3484,3323,20,0,0,0,0,0,0,0,0,0,0,0
AHE-L272.fasta,AHE-L272,10,14520,1449,717,0.494824016563147,732,0.505175983436853,395,0.2726017943409248,2892,0.19917355371900827,0.40206611570247935,0.3940082644628099,11559,0,2892,3153,3290,2548,2568,69,0,0,0,0,0,0,0,0,0,0,0
AHE-L273.fasta,AHE-L273,10,18630,1862,1312,0.7046186895810956,550,0.2953813104189044,344,0.18474758324382384,4680,0.25120772946859904,0.3243156199677939,0.42399355877616746,13941,0,4680,4032,2995,3047,3867,8,0,1,0,0,0,0,0,0,0,0,0
AHE-L274.fasta,AHE-L274,10,9210,921,465,0.504885993485342,456,0.495114006514658,272,0.2953311617806732,741,0.08045602605863192,0.5196525515743757,0.3985884907709012,8457,0,741,2224,2381,2405,1447,11,1,0,0,0,0,0,0,0,0,0,0
AHE-L275.fasta,AHE-L275,10,14370,1434,678,0.47280334728033474,756,0.5271966527196653,464,0.32357043235704325,1317,0.09164926931106472,0.4429366736256089,0.4630480167014614,13019,0,1317,3874,3581,2784,2780,32,2,0,0,0,0,0,0,0,0,0,0
AHE-L276.fasta,AHE-L276,10,15840,1579,1047,0.6630778974034199,532,0.3369221025965801,267,0.16909436352121596,2112,0.13333333333333333,0.4027777777777778,0.4619949494949495,13698,0,2112,4001,3445,2935,3317,30,0,0,0,0,0,0,0,0,0,0,0
AHE-L278.fasta,AHE-L278,10,13440,1340,643,0.4798507462686567,697,0.5201492537313432,436,0.3253731343283582,1572,0.11696428571428572,0.4610863095238095,0.4200892857142857,11843,0,1572,3445,3267,2930,2201,25,0,0,0,0,0,0,0,0,0,0,0
AHE-L279.fasta,AHE-L279,10,17760,1775,1093,0.615774647887324,682,0.38422535211267606,478,0.26929577464788734,3825,0.21537162162162163,0.4291103603603604,0.35411036036036037,13910,0,3825,3581,3922,3699,2708,25,0,0,0,0,0,0,0,0,0,0,0
AHE-L280.fasta,AHE-L280,9,4833,530,336,0.6339622641509434,194,0.3660377358490566,77,0.14528301886792452,756,0.1564245810055866,0.3494723774053383,0.47775708669563416,3998,0,756,1179,912,777,1130,79,0,0,0,0,0,0,0,0,0,0,0
AHE-L281.fasta,AHE-L281,10,14850,1483,774,0.5219150370869858,709,0.47808496291301417,438,0.29534726904922454,1809,0.12181818181818181,0.48734006734006735,0.3896969696969697,13024,0,1809,3285,3940,3297,2502,15,2,0,0,0,0,0,0,0,0,0,0
AHE-L282.fasta,AHE-L282,10,11340,1127,469,0.4161490683229814,658,0.5838509316770186,393,0.3487133984028394,1785,0.1574074074074074,0.44188712522045853,0.39188712522045854,9455,0,1785,2400,2567,2444,2044,99,1,0,0,0,0,0,0,0,0,0,0
AHE-L283.fasta,AHE-L283,10,16620,1660,1198,0.7216867469879518,462,0.2783132530120482,268,0.1614457831325301,2874,0.17292418772563176,0.5003008423586041,0.32581227436823107,13730,0,2874,2944,4817,3498,2471,16,0,0,0,0,0,0,0,0,0,0,0
AHE-L284.fasta,AHE-L284,10,16560,1653,1208,0.7307924984875983,445,0.2692075015124017,262,0.15849969751966123,2733,0.16503623188405797,0.4192028985507246,0.41407004830917876,13799,0,2733,3873,3681,3261,2984,28,0,0,0,0,0,0,0,0,0,0,0
AHE-L285.fasta,AHE-L285,10,11070,1103,675,0.6119673617407072,428,0.38803263825929285,250,0.22665457842248413,117,0.01056910569105691,0.46043360433604336,0.5264679313459801,10925,0,117,3761,2386,2711,2067,28,0,0,0,0,0,0,0,0,0,0,0
AHE-L286.fasta,AHE-L286,10,7470,746,421,0.564343163538874,325,0.435656836461126,180,0.24128686327077747,588,0.078714859437751,0.553012048192771,0.3646586345381526,6855,0,588,1345,2263,1868,1379,27,0,0,0,0,0,0,0,0,0,0,0
AHE-L287.fasta,AHE-L287,9,14688,1626,969,0.5959409594095941,657,0.4040590405904059,289,0.17773677736777369,4125,0.28084150326797386,0.26633986928104575,0.4463507625272331,10468,0,4125,3535,1691,2221,3021,95,0,0,0,0,0,0,0,0,0,0,0
AHE-L288.fasta,AHE-L288,10,14970,1495,1058,0.7076923076923077,437,0.2923076923076923,228,0.15250836120401337,174,0.011623246492985972,0.41309285237140947,0.5743486973947896,14782,0,174,4070,3145,3039,4528,13,0,1,0,0,0,0,0,0,0,0,0
AHE-L289.fasta,AHE-L289,10,16170,1613,1157,0.717296962182269,456,0.28270303781773093,268,0.1661500309981401,2418,0.14953617810760667,0.3808905380333952,0.46697588126159556,13710,0,2418,4150,2857,3302,3401,41,0,1,0,0,0,0,0,0,0,0,0
AHE-L290.fasta,AHE-L290,10,14760,1475,690,0.46779661016949153,785,0.5322033898305085,416,0.28203389830508474,1551,0.10508130081300814,0.3538617886178862,0.5394308943089431,13185,0,1551,4241,2549,2674,3721,24,0,0,0,0,0,0,0,0,0,0,0
AHE-L291.fasta,AHE-L291,10,12240,1222,727,0.5949263502454992,495,0.40507364975450083,272,0.2225859247135843,672,0.054901960784313725,0.42630718954248364,0.5156045751633986,11529,0,672,3653,2459,2759,2658,39,0,0,0,0,0,0,0,0,0,0,0
AHE-L292.fasta,AHE-L292,9,12204,1349,654,0.48480355819125276,695,0.5151964418087472,115,0.08524833209785027,4860,0.39823008849557523,0.2137823664372337,0.2280399868895444,5392,0,4860,1496,1253,1356,1287,1952,0,0,0,0,0,0,0,0,0,0,0
AHE-L293.fasta,AHE-L293,10,7740,770,464,0.6025974025974026,306,0.3974025974025974,195,0.2532467532467532,384,0.04961240310077519,0.5392764857881137,0.4073643410852713,7327,0,384,2010,2133,2041,1143,28,1,0,0,0,0,0,0,0,0,0,0
AHE-L294.fasta,AHE-L294,10,12000,1198,592,0.4941569282136895,606,0.5058430717863105,386,0.32220367278797996,246,0.0205,0.506,0.47158333333333335,11731,0,246,3224,2902,3170,2435,23,0,0,0,0,0,0,0,0,0,0,0
AHE-L295.fasta,AHE-L295,10,17070,1704,1121,0.6578638497652582,583,0.3421361502347418,332,0.19483568075117372,3192,0.18699472759226712,0.31886350322202694,0.49256004686584653,13851,0,3192,4305,2456,2987,4103,27,0,0,0,0,0,0,0,0,0,0,0
AHE-L296.fasta,AHE-L296,10,14880,1485,829,0.5582491582491582,656,0.4417508417508417,353,0.2377104377104377,267,0.017943548387096775,0.3983198924731183,0.5823252688172043,14592,0,267,4548,2624,3303,4117,21,0,0,0,0,0,0,0,0,0,0,0
AHE-L297.fasta,AHE-L297,10,10590,1058,673,0.6361058601134215,385,0.3638941398865784,211,0.1994328922495274,273,0.025779036827195467,0.4540132200188857,0.5191690273843248,10306,0,273,2309,2779,2029,3189,11,0,0,0,0,0,0,0,0,0,0,0
AHE-L298.fasta,AHE-L298,10,14130,1412,645,0.45679886685552407,767,0.5432011331444759,420,0.29745042492917845,621,0.04394904458598726,0.4261146496815287,0.5286624203821656,13491,0,621,4313,2934,3087,3157,18,0,0,0,0,0,0,0,0,0,0,0
AHE-L299.fasta,AHE-L299,10,18090,1806,1143,0.632890365448505,663,0.36710963455149503,359,0.19878183831672203,5112,0.28258706467661693,0.3431730237700387,0.37274737423991156,12951,0,5112,3465,3091,3117,3278,27,0,0,0,0,0,0,0,0,0,0,0
AHE-L300.fasta,AHE-L300,10,16590,1656,855,0.5163043478260869,801,0.483695652173913,447,0.26992753623188404,2973,0.17920433996383364,0.33622664255575646,0.4832429174201326,13595,0,2973,4205,2778,2800,3812,22,0,0,0,0,0,0,0,0,0,0,0
AHE-L301.fasta,AHE-L301,10,18300,1817,1289,0.709411117226197,528,0.29058888277380296,346,0.19042377545404512,4401,0.24049180327868852,0.45907103825136614,0.29918032786885246,13876,0,4401,2878,4416,3985,2597,22,0,1,0,0,0,0,0,0,0,0,0
AHE-L302.fasta,AHE-L302,9,8289,921,486,0.5276872964169381,435,0.4723127035830619,284,0.30836047774158526,357,0.043069127759681504,0.5170708167450838,0.43853299553625286,7921,0,357,1945,2686,1600,1690,11,0,0,0,0,0,0,0,0,0,0,0
AHE-L303.fasta,AHE-L303,10,16650,1664,960,0.5769230769230769,704,0.4230769230769231,453,0.2722355769230769,174,0.010450450450450451,0.4437237237237237,0.5097297297297297,15875,0,174,4898,3876,3512,3589,601,0,0,0,0,0,0,0,0,0,0,0
AHE-L304.fasta,AHE-L304,8,7368,919,413,0.44940152339499456,506,0.5505984766050055,263,0.28618063112078346,492,0.06677524429967427,0.43213897937024975,0.498371335504886,6856,0,492,1544,1781,1403,2128,20,0,0,0,0,0,0,0,0,0,0,0
AHE-L305.fasta,AHE-L305,10,16140,1608,1375,0.8550995024875622,233,0.1449004975124378,101,0.06281094527363185,2835,0.17565055762081785,0.3632589838909541,0.45594795539033456,13222,0,2835,3839,2702,3161,3520,83,0,0,0,0,0,0,0,0,0,0,0
AHE-L306.fasta,AHE-L306,10,15720,1564,1241,0.7934782608695652,323,0.20652173913043478,164,0.10485933503836317,2046,0.1301526717557252,0.4302798982188295,0.43765903307888043,13644,0,2046,3921,3650,3114,2959,30,0,0,0,0,0,0,0,0,0,0,0
AHE-L307.fasta,AHE-L307,10,13350,1334,683,0.5119940029985007,651,0.48800599700149927,405,0.30359820089955025,429,0.032134831460674154,0.4528838951310861,0.4999250936329588,12720,0,429,3623,2940,3106,3051,201,0,0,0,0,0,0,0,0,0,0,0
AHE-L308.fasta,AHE-L308,10,10590,1058,449,0.42438563327032136,609,0.5756143667296786,354,0.33459357277882795,1821,0.17195467422096317,0.4861189801699717,0.3402266288951841,8751,0,1821,2113,2450,2698,1490,18,0,0,0,0,0,0,0,0,0,0,0
AHE-L309.fasta,AHE-L309,9,12150,1348,899,0.6669139465875371,449,0.3330860534124629,242,0.1795252225519288,75,0.006172839506172839,0.45382716049382715,0.5381893004115227,12053,0,75,3318,2506,3008,3221,22,0,0,0,0,0,0,0,0,0,0,0
AHE-L310.fasta,AHE-L310,9,2079,231,112,0.48484848484848486,119,0.5151515151515151,40,0.17316017316017315,501,0.240981240981241,0.36363636363636365,0.3900913900913901,1567,0,501,434,322,434,377,11,0,0,0,0,0,0,0,0,0,0,0
AHE-L311.fasta,AHE-L311,10,18870,1885,981,0.5204244031830239,904,0.47957559681697615,548,0.2907161803713528,723,0.038314785373608905,0.44520402755696875,0.5147323794382618,18114,0,723,5237,4322,4079,4476,32,1,0,0,0,0,0,0,0,0,0,0
AHE-L312.fasta,AHE-L312,10,10050,1003,579,0.5772681954137587,424,0.42273180458624127,263,0.2622133599202393,996,0.0991044776119403,0.3711442786069652,0.5284577114427861,9041,0,996,2292,1985,1745,3019,13,0,0,0,0,0,0,0,0,0,0,0
AHE-L313.fasta,AHE-L313,10,16050,1603,907,0.5658140985651903,696,0.43418590143480973,423,0.2638802245789145,2391,0.14897196261682244,0.3319626168224299,0.5175700934579439,13635,0,2391,5134,2340,2988,3173,24,0,0,0,0,0,0,0,0,0,0,0
AHE-L314.fasta,AHE-L314,10,14070,1404,866,0.6168091168091168,538,0.3831908831908832,311,0.2215099715099715,696,0.049466950959488276,0.4560767590618337,0.4935323383084577,13361,0,696,3946,3289,3128,2998,13,0,0,0,0,0,0,0,0,0,0,0
AHE-L315.fasta,AHE-L315,10,10860,1083,760,0.7017543859649122,323,0.2982456140350877,222,0.20498614958448755,60,0.0055248618784530384,0.4486187845303867,0.5423572744014733,10762,0,60,3245,2200,2672,2645,37,1,0,0,0,0,0,0,0,0,0,0
AHE-L316.fasta,AHE-L316,10,14700,1468,787,0.5361035422343324,681,0.46389645776566757,441,0.30040871934604907,3033,0.2063265306122449,0.3770748299319728,0.41462585034013605,11638,0,3033,3510,2805,2738,2585,28,0,1,0,0,0,0,0,0,0,0,0
AHE-L317.fasta,AHE-L317,10,14850,1483,851,0.5738368172623062,632,0.4261631827376939,366,0.24679703304113285,1521,0.10242424242424242,0.47414141414141414,0.4074074074074074,13091,0,1521,3159,3333,3708,2891,238,0,0,0,0,0,0,0,0,0,0,0
AHE-L318.fasta,AHE-L318,10,17610,1757,1230,0.7000569151963574,527,0.29994308480364257,307,0.1747296528173022,3666,0.2081771720613288,0.3230550823395798,0.4674616695059625,13921,0,3666,4271,2936,2753,3961,23,0,0,0,0,0,0,0,0,0,0,0
AHE-L319.fasta,AHE-L319,10,20670,2063,1279,0.6199709161415414,784,0.38002908385845857,466,0.2258846340281144,4320,0.20899854862119013,0.36289308176100626,0.4270440251572327,16328,0,4320,4234,3776,3725,4593,20,1,1,0,0,0,0,0,0,0,0,0
AHE-L320.fasta,AHE-L320,10,6900,687,452,0.6579330422125182,235,0.3420669577874818,111,0.1615720524017467,1878,0.27217391304347827,0.3443478260869565,0.3782608695652174,4986,0,1878,1382,1226,1150,1228,36,0,0,0,0,0,0,0,0,0,0,0
AHE-L321.fasta,AHE-L321,10,16920,1691,1057,0.6250739207569486,634,0.37492607924305144,384,0.22708456534594915,3102,0.18333333333333332,0.37659574468085105,0.43847517730496455,13791,0,3102,3712,3027,3345,3707,26,1,0,0,0,0,0,0,0,0,0,0
AHE-L322.fasta,AHE-L322,10,7320,731,465,0.6361149110807114,266,0.36388508891928867,162,0.2216142270861833,51,0.0069672131147540985,0.46734972677595626,0.5243169398907104,7259,0,51,2146,1616,1805,1692,10,0,0,0,0,0,0,0,0,0,0,0
AHE-L323.fasta,AHE-L323,10,14790,1477,689,0.4664861205145565,788,0.5335138794854435,407,0.2755585646580907,3243,0.21926977687626775,0.31345503718728873,0.4660581473968898,11529,0,3243,3979,2426,2210,2914,18,0,0,0,0,0,0,0,0,0,0,0
AHE-L324.fasta,AHE-L324,10,6120,611,313,0.5122749590834698,298,0.4877250409165303,150,0.24549918166939444,780,0.12745098039215685,0.40294117647058825,0.45441176470588235,5247,0,780,1497,1107,1359,1284,93,0,0,0,0,0,0,0,0,0,0,0
AHE-L325.fasta,AHE-L325,10,11280,1126,499,0.44316163410301956,627,0.5568383658969804,356,0.31616341030195383,1776,0.1574468085106383,0.450177304964539,0.3904255319148936,9482,0,1776,2606,2655,2423,1798,22,0,0,0,0,0,0,0,0,0,0,0
AHE-L326.fasta,AHE-L326,10,13440,1339,811,0.6056758775205378,528,0.3943241224794623,340,0.25392083644510827,357,0.0265625,0.4681547619047619,0.5037202380952381,13062,0,357,3903,3672,2620,2867,21,0,0,0,0,0,0,0,0,0,0,0
AHE-L327.fasta,AHE-L327,10,16710,1669,923,0.5530257639304973,746,0.4469742360695027,537,0.32174955062911925,459,0.02746858168761221,0.4523638539796529,0.5189706762417714,16231,0,459,4464,3542,4017,4208,20,0,0,0,0,0,0,0,0,0,0,0
AHE-L328.fasta,AHE-L328,10,12690,1267,530,0.4183109707971586,737,0.5816890292028414,466,0.36779794790844517,1266,0.09976359338061466,0.47210401891252957,0.4264775413711584,11403,0,1266,2974,3064,2927,2438,21,0,0,0,0,0,0,0,0,0,0,0
AHE-L329.fasta,AHE-L329,10,11340,1132,733,0.6475265017667845,399,0.35247349823321555,244,0.21554770318021202,2385,0.21031746031746032,0.4373015873015873,0.35008818342151676,8929,0,2385,2509,2430,2529,1461,26,0,0,0,0,0,0,0,0,0,0,0
AHE-L330.fasta,AHE-L330,10,13230,1322,640,0.48411497730711045,682,0.5158850226928896,432,0.3267776096822995,360,0.027210884353741496,0.5211640211640212,0.45034013605442175,12853,0,360,2958,3546,3349,3000,16,1,0,0,0,0,0,0,0,0,0,0
AHE-L331.fasta,AHE-L331,10,14730,1472,629,0.4273097826086957,843,0.5726902173913043,395,0.26834239130434784,3084,0.20936863543788187,0.3205702647657841,0.36109979633401224,10041,0,3084,3292,2032,2690,2027,1605,0,0,0,0,0,0,0,0,0,0,0
AHE-L332.fasta,AHE-L332,10,12390,1237,652,0.5270816491511722,585,0.47291835084882783,325,0.2627324171382377,2658,0.2145278450363196,0.4652138821630347,0.2910411622276029,9370,0,2658,1776,3570,2194,1830,362,0,0,0,0,0,0,0,0,0,0,0
AHE-L333.fasta,AHE-L333,10,15420,1542,1098,0.7120622568093385,444,0.28793774319066145,273,0.17704280155642024,1749,0.11342412451361868,0.4785992217898833,0.40654993514915694,13649,0,1749,3100,4284,3096,3169,22,0,0,0,0,0,0,0,0,0,0,0
AHE-L334.fasta,AHE-L334,10,17850,1783,1091,0.6118900729108244,692,0.3881099270891755,457,0.25630959057767805,3936,0.22050420168067228,0.3514285714285714,0.4270028011204482,13895,0,3936,4462,3323,2950,3160,19,0,0,0,0,0,0,0,0,0,0,0
AHE-L335.fasta,AHE-L335,10,15150,1512,749,0.49537037037037035,763,0.5046296296296297,481,0.31812169312169314,1776,0.11722772277227722,0.4038283828382838,0.476963696369637,13344,0,1776,4063,3231,2887,3163,30,0,0,0,0,0,0,0,0,0,0,0
AHE-L337.fasta,AHE-L337,9,11826,1312,617,0.47027439024390244,695,0.5297256097560976,358,0.2728658536585366,2154,0.18214104515474377,0.5604600033823778,0.2557923220023677,9653,0,2154,1327,3453,3175,1698,19,0,0,0,0,0,0,0,0,0,0,0
AHE-L338.fasta,AHE-L338,10,17340,1733,1172,0.6762839007501442,561,0.3237160992498557,395,0.22792844777841892,3486,0.20103806228373702,0.34907727797001153,0.44930795847750865,13844,0,3486,4200,2786,3267,3591,9,1,0,0,0,0,0,0,0,0,0,0
AHE-L339.fasta,AHE-L339,10,16350,1632,1187,0.727328431372549,445,0.27267156862745096,266,0.16299019607843138,2871,0.17559633027522936,0.4257492354740061,0.3963302752293578,13441,0,2871,3624,3739,3222,2856,38,0,0,0,0,0,0,0,0,0,0,0
AHE-L340.fasta,AHE-L340,10,10860,1082,650,0.600739371534196,432,0.39926062846580407,232,0.2144177449168207,606,0.05580110497237569,0.4613259668508287,0.47918968692449354,10214,0,606,2770,2267,2743,2434,40,0,0,0,0,0,0,0,0,0,0,0
AHE-L341.fasta,AHE-L341,10,12510,1249,768,0.6148919135308246,481,0.3851080864691753,241,0.19295436349079265,1026,0.08201438848920864,0.4147082334132694,0.5010391686650679,11456,0,1026,2989,3001,2187,3279,28,0,0,0,0,0,0,0,0,0,0,0
AHE-L342.fasta,AHE-L342,10,15810,1579,986,0.6244458518049398,593,0.37555414819506017,379,0.24002533248891703,2055,0.12998102466793168,0.5,0.3686274509803922,13733,0,2055,3277,4172,3733,2551,21,1,0,0,0,0,0,0,0,0,0,0
AHE-L343.fasta,AHE-L343,10,13500,1349,784,0.58117123795404,565,0.41882876204596,340,0.2520385470719051,321,0.023777777777777776,0.45444444444444443,0.4846666666666667,12678,0,321,4242,2906,3229,2301,501,0,0,0,0,0,0,0,0,0,0,0
AHE-L344.fasta,AHE-L344,10,14100,1407,659,0.4683724235963042,748,0.5316275764036958,402,0.2857142857142857,1860,0.13191489361702127,0.43340425531914895,0.4320567375886525,12203,0,1860,3868,2603,3508,2224,37,0,0,0,0,0,0,0,0,0,0,0
AHE-L345.fasta,AHE-L345,10,17430,1739,1115,0.6411730879815987,624,0.3588269120184014,408,0.23461759631972398,4632,0.2657487091222031,0.4380378657487091,0.29518072289156627,12780,0,4632,3085,4706,2929,2060,17,0,1,0,0,0,0,0,0,0,0,0
AHE-L346.fasta,AHE-L346,10,19650,1963,1073,0.5466123280692817,890,0.4533876719307183,575,0.29291900152827305,3237,0.1647328244274809,0.42340966921119594,0.40346055979643763,16248,0,3237,4326,4263,4057,3602,163,1,1,0,0,0,0,0,0,0,0,0
AHE-L347.fasta,AHE-L347,10,18390,1838,1357,0.7383025027203483,481,0.2616974972796518,287,0.15614798694232862,5298,0.28809135399673735,0.36155519303969547,0.3494834148994018,13076,0,5298,3683,3465,3184,2744,16,0,0,0,0,0,0,0,0,0,0,0
AHE-L348.fasta,AHE-L348,10,10350,1032,440,0.4263565891472868,592,0.5736434108527132,380,0.3682170542635659,510,0.04927536231884058,0.46908212560386475,0.4792270531400966,9815,0,510,2132,2711,2144,2828,25,0,0,0,0,0,0,0,0,0,0,0
AHE-L349.fasta,AHE-L349,10,15300,1527,925,0.6057629338572365,602,0.3942370661427636,368,0.2409954158480681,1743,0.11392156862745098,0.41169934640522876,0.47294117647058825,13535,0,1743,3674,2897,3402,3562,21,1,0,0,0,0,0,0,0,0,0,0
AHE-L350.fasta,AHE-L350,10,8010,801,464,0.5792759051186017,337,0.4207240948813982,192,0.2397003745318352,1215,0.15168539325842698,0.399250936329588,0.4444444444444444,6758,0,1215,2001,1791,1407,1559,36,0,1,0,0,0,0,0,0,0,0,0
AHE-L351.fasta,AHE-L351,10,16110,1608,966,0.6007462686567164,642,0.39925373134328357,355,0.22077114427860697,2754,0.17094972067039105,0.3756052141527002,0.44531346989447546,13225,0,2754,3786,3254,2797,3388,131,0,0,0,0,0,0,0,0,0,0,0
AHE-L352.fasta,AHE-L352,10,16170,1613,1042,0.6460012399256044,571,0.3539987600743955,311,0.19280843149411037,3045,0.18831168831168832,0.3632034632034632,0.44520717377860236,13072,0,3045,3771,2710,3163,3428,53,0,0,0,0,0,0,0,0,0,0,0
AHE-L353.fasta,AHE-L353,10,10530,1051,500,0.47573739295908657,551,0.5242626070409134,315,0.29971455756422455,576,0.0547008547008547,0.5095916429249763,0.43342830009496675,9930,0,576,2515,2556,2810,2049,24,0,0,0,0,0,0,0,0,0,0,0
AHE-L354.fasta,AHE-L354,10,10710,1071,606,0.5658263305322129,465,0.4341736694677871,274,0.25583566760037346,93,0.008683473389355743,0.5462184873949579,0.4445378151260504,10611,0,93,2265,3221,2629,2496,5,0,1,0,0,0,0,0,0,0,0,0
AHE-L355.fasta,AHE-L355,10,17880,1785,1118,0.6263305322128851,667,0.37366946778711485,394,0.2207282913165266,3987,0.22298657718120804,0.345917225950783,0.4296979865771812,13868,0,3987,5196,2431,3754,2487,25,0,0,0,0,0,0,0,0,0,0,0
AHE-L356.fasta,AHE-L356,10,11820,1179,605,0.5131467345207803,574,0.4868532654792197,329,0.27905004240882103,2001,0.16928934010152286,0.39568527918781726,0.4307106598984772,9768,0,2001,2872,2365,2312,2219,51,0,0,0,0,0,0,0,0,0,0,0
AHE-L357.fasta,AHE-L357,10,19560,1955,1646,0.8419437340153453,309,0.15805626598465472,124,0.06342710997442455,5508,0.28159509202453986,0.3642126789366053,0.3532719836400818,14034,0,5508,4162,3197,3927,2748,18,0,0,0,0,0,0,0,0,0,0,0
AHE-L358.fasta,AHE-L358,10,9090,905,460,0.5082872928176796,445,0.49171270718232046,257,0.2839779005524862,90,0.009900990099009901,0.5167216721672168,0.47095709570957095,8978,0,90,1709,2349,2348,2572,22,0,0,0,0,0,0,0,0,0,0,0
AHE-L359.fasta,AHE-L359,10,11370,1136,541,0.4762323943661972,595,0.5237676056338029,310,0.272887323943662,2091,0.18390501319261213,0.31363236587510995,0.5005277044854881,9257,0,2091,3492,1499,2067,2199,21,0,1,0,0,0,0,0,0,0,0,0
AHE-L360.fasta,AHE-L360,10,13800,1377,594,0.43137254901960786,783,0.5686274509803921,422,0.3064633260711692,1011,0.07326086956521739,0.3984782608695652,0.5227536231884058,12713,0,1011,3776,2758,2741,3438,76,0,0,0,0,0,0,0,0,0,0,0
AHE-L361.fasta,AHE-L361,10,15450,1543,951,0.6163318211276734,592,0.3836681788723266,320,0.20738820479585224,1863,0.12058252427184465,0.4027184466019417,0.4753398058252427,13566,0,1863,4238,3276,2946,3106,21,0,0,0,0,0,0,0,0,0,0,0
AHE-L362.fasta,AHE-L362,10,18150,1808,1251,0.691924778761062,557,0.30807522123893805,264,0.14601769911504425,4011,0.2209917355371901,0.33460055096418734,0.4320661157024793,13915,0,4011,4274,3006,3067,3568,224,0,0,0,0,0,0,0,0,0,0,0
AHE-L363.fasta,AHE-L363,10,14160,1413,684,0.4840764331210191,729,0.5159235668789809,300,0.21231422505307856,4371,0.3086864406779661,0.2574858757062147,0.42916666666666664,9723,0,4371,3273,1708,1938,2804,66,0,0,0,0,0,0,0,0,0,0,0
AHE-L364.fasta,AHE-L364,10,14100,1408,863,0.6129261363636364,545,0.38707386363636365,274,0.19460227272727273,1425,0.10106382978723404,0.41624113475177305,0.4728368794326241,12536,0,1425,3764,3145,2724,2903,139,0,0,0,0,0,0,0,0,0,0,0
AHE-L365.fasta,AHE-L365,9,15984,1772,1264,0.7133182844243793,508,0.2866817155756208,290,0.1636568848758465,3459,0.2164039039039039,0.3855105105105105,0.3972097097097097,12511,0,3459,3911,3333,2829,2438,10,3,1,0,0,0,0,0,0,0,0,0
AHE-L366.fasta,AHE-L366,10,18750,1875,1186,0.6325333333333333,689,0.36746666666666666,419,0.22346666666666667,4929,0.26288,0.32026666666666664,0.41568,13799,0,4929,3922,2789,3216,3872,22,0,0,0,0,0,0,0,0,0,0,0
AHE-L367.fasta,AHE-L367,10,20850,2084,1577,0.7567178502879078,507,0.24328214971209214,277,0.13291746641074856,6678,0.32028776978417267,0.29635491606714626,0.38182254196642684,14140,0,6678,4792,3265,2914,3169,32,0,0,0,0,0,0,0,0,0,0,0
AHE-L368.fasta,AHE-L368,10,15060,1495,1116,0.7464882943143812,379,0.2535117056856187,176,0.1177257525083612,4209,0.27948207171314743,0.3118857901726428,0.40239043824701193,10757,0,4209,3484,2084,2613,2576,94,0,0,0,0,0,0,0,0,0,0,0
AHE-L369.fasta,AHE-L369,10,11040,1103,691,0.6264732547597461,412,0.37352674524025387,229,0.20761559383499548,744,0.06739130434782609,0.4384963768115942,0.4920289855072464,10273,0,744,2964,2902,1939,2468,23,0,0,0,0,0,0,0,0,0,0,0
AHE-L370.fasta,AHE-L370,10,16410,1638,865,0.5280830280830281,773,0.4719169719169719,429,0.2619047619047619,2805,0.17093235831809872,0.3436928702010969,0.4842169408897014,13586,0,2805,4219,2731,2909,3727,19,0,0,0,0,0,0,0,0,0,0,0
AHE-L371.fasta,AHE-L371,10,18030,1796,1102,0.6135857461024499,694,0.38641425389755013,363,0.20211581291759464,4002,0.22196339434276208,0.3702717692734332,0.3913477537437604,13732,0,4002,3939,3369,3307,3117,296,0,0,0,0,0,0,0,0,0,0,0
AHE-L372.fasta,AHE-L372,10,15480,1547,892,0.5765998707175177,655,0.4234001292824822,356,0.23012281835811246,1983,0.12810077519379845,0.37990956072351423,0.4908268733850129,13479,0,1983,4243,2985,2896,3355,18,0,0,0,0,0,0,0,0,0,0,0
AHE-L373.fasta,AHE-L373,10,16050,1601,1170,0.730793254216115,431,0.2692067457838851,261,0.16302311055590257,2490,0.15514018691588785,0.3726479750778816,0.4709657320872274,13540,0,2490,4534,3162,2819,3025,19,1,0,0,0,0,0,0,0,0,0,0
AHE-L374.fasta,AHE-L374,9,12312,1367,567,0.41477688368690563,800,0.5852231163130943,478,0.3496708119970739,825,0.06700779727095517,0.42876868096166343,0.48562378167641324,11258,0,825,3443,2574,2705,2536,229,0,0,0,0,0,0,0,0,0,0,0
AHE-L376.fasta,AHE-L376,9,7614,845,428,0.506508875739645,417,0.493491124260355,176,0.20828402366863905,2913,0.3825847123719464,0.27318098240084054,0.3283425269240872,4580,0,2913,1232,1055,1025,1268,121,0,0,0,0,0,0,0,0,0,0,0
AHE-L377.fasta,AHE-L377,9,12150,1350,867,0.6422222222222222,483,0.35777777777777775,231,0.1711111111111111,99,0.008148148148148147,0.408641975308642,0.5826337448559671,12044,0,99,3696,2749,2216,3383,7,0,0,0,0,0,0,0,0,0,0,0
AHE-L378.fasta,AHE-L378,9,10881,1202,661,0.5499168053244592,541,0.45008319467554075,243,0.2021630615640599,1692,0.1555004135649297,0.4331403363661428,0.4071316974542781,9143,0,1692,2501,2509,2204,1929,46,0,0,0,0,0,0,0,0,0,0,0
AHE-L379.fasta,AHE-L379,9,11448,1174,687,0.5851788756388415,487,0.4148211243611584,260,0.22146507666098808,678,0.05922431865828092,0.3947414395527603,0.47650244584206847,9974,0,678,3127,2679,1840,2328,796,0,0,0,0,0,0,0,0,0,0,0
AHE-L380.fasta,AHE-L380,9,12150,1348,674,0.5,674,0.5,376,0.2789317507418398,54,0.0044444444444444444,0.479917695473251,0.5145679012345679,12083,0,54,3665,2647,3184,2587,13,0,0,0,0,0,0,0,0,0,0,0
AHE-L381.fasta,AHE-L381,9,12366,1371,965,0.7038657913931436,406,0.2961342086068563,214,0.1560904449307075,186,0.015041242115477924,0.41606016496846193,0.5676047226265567,12164,0,186,3760,2796,2349,3259,16,0,0,0,0,0,0,0,0,0,0,0
AHE-L382.fasta,AHE-L382,9,12258,1358,838,0.6170839469808542,520,0.38291605301914583,258,0.18998527245949925,483,0.03940283896231033,0.425354870288791,0.5323054331864905,11739,0,483,3835,2864,2350,2690,36,0,0,0,0,0,0,0,0,0,0,0
AHE-L383.fasta,AHE-L383,9,6534,725,334,0.4606896551724138,391,0.5393103448275862,220,0.30344827586206896,87,0.013314967860422406,0.5347413529231712,0.44934190388735845,6430,0,87,1448,1722,1772,1488,17,0,0,0,0,0,0,0,0,0,0,0
AHE-L384.fasta,AHE-L384,9,8127,901,325,0.3607103218645949,576,0.6392896781354052,354,0.39289678135405104,579,0.07124400147655961,0.46893072474467823,0.45773348098929495,7531,0,579,2176,2047,1764,1544,17,0,0,0,0,0,0,0,0,0,0,0
AHE-L385.fasta,AHE-L385,9,12231,1357,496,0.36551215917464996,861,0.63448784082535,482,0.35519528371407516,912,0.07456463085602158,0.4768211920529801,0.44706074728149786,11300,0,912,2697,3126,2706,2771,19,0,0,0,0,0,0,0,0,0,0,0
AHE-L386.fasta,AHE-L386,9,12177,1350,660,0.4888888888888889,690,0.5111111111111111,364,0.2696296296296296,117,0.009608277900960829,0.3896690482056336,0.599737209493307,12048,0,117,4280,2600,2145,3023,12,0,0,0,0,0,0,0,0,0,0,0
AHE-L387.fasta,AHE-L387,9,8991,999,536,0.5365365365365365,463,0.46346346346346345,257,0.25725725725725723,72,0.008008008008008008,0.458569680791903,0.532421310199088,8910,0,72,2783,2102,2021,2004,9,0,0,0,0,0,0,0,0,0,0,0
AHE-L388.fasta,AHE-L388,9,12231,1359,734,0.5401030169242089,625,0.459896983075791,327,0.24061810154525387,117,0.009565857247976454,0.4122312157632246,0.5777941296705094,12109,0,117,3616,2459,2583,3451,5,0,0,0,0,0,0,0,0,0,0,0
AHE-L389.fasta,AHE-L389,9,9747,1082,647,0.5979667282809612,435,0.4020332717190388,271,0.25046210720887246,48,0.0049245921822099106,0.42105263157894735,0.5730994152046783,9690,0,48,2841,2021,2083,2745,9,0,0,0,0,0,0,0,0,0,0,0
AHE-L390.fasta,AHE-L390,9,12339,1371,864,0.6301969365426696,507,0.36980306345733044,272,0.19839533187454414,165,0.01337223437879893,0.40530026744468756,0.5807601912634736,12167,0,165,4042,2473,2528,3124,7,0,0,0,0,0,0,0,0,0,0,0
AHE-L391.fasta,AHE-L391,9,14175,1572,786,0.5,786,0.5,468,0.29770992366412213,252,0.017777777777777778,0.4817636684303351,0.4982716049382716,13892,0,252,4290,3492,3337,2773,31,0,0,0,0,0,0,0,0,0,0,0
AHE-L392.fasta,AHE-L392,9,8208,911,547,0.6004390779363337,364,0.3995609220636663,214,0.2349066959385291,54,0.006578947368421052,0.5043859649122807,0.4869639376218324,8137,0,54,1543,2063,2077,2454,17,0,0,0,0,0,0,0,0,0,0,0
AHE-L393.fasta,AHE-L393,9,12123,1345,801,0.5955390334572491,544,0.40446096654275093,303,0.22527881040892192,72,0.005939123979213066,0.4990513899199868,0.4935247051059969,12033,0,72,3013,3431,2619,2970,18,0,0,0,0,0,0,0,0,0,0,0
AHE-L394.fasta,AHE-L394,9,12447,1380,812,0.5884057971014492,568,0.4115942028985507,284,0.20579710144927535,669,0.053747891058086285,0.4499879489033502,0.495059050373584,11763,0,669,3625,2731,2870,2537,15,0,0,0,0,0,0,0,0,0,0,0
AHE-L395.fasta,AHE-L395,9,12177,1351,771,0.5706883789785344,580,0.4293116210214656,281,0.20799407846039972,147,0.012071938901207195,0.43220826147655417,0.5539131148887246,12008,0,147,3813,3000,2263,2932,22,0,0,0,0,0,0,0,0,0,0,0
AHE-L396.fasta,AHE-L396,9,16362,1818,875,0.4812981298129813,943,0.5187018701870187,521,0.28657865786578657,312,0.01906857352401907,0.40691846962474026,0.5729128468402396,16032,0,312,4835,3131,3527,4539,18,0,0,0,0,0,0,0,0,0,0,0
AHE-L397.fasta,AHE-L397,9,11718,1297,446,0.3438704703161141,851,0.6561295296838859,364,0.28064764841942946,4470,0.38146441372247825,0.20327700972862264,0.4050179211469534,7128,0,4470,2260,1066,1316,2486,120,0,0,0,0,0,0,0,0,0,0,0
AHE-L398.fasta,AHE-L398,8,9000,1110,885,0.7972972972972973,225,0.20270270270270271,50,0.04504504504504504,474,0.05266666666666667,0.3403333333333333,0.5887777777777777,8362,0,474,2562,1446,1617,2737,164,0,0,0,0,0,0,0,0,0,0,0
AHE-L399.fasta,AHE-L399,9,12420,1379,809,0.5866569978245105,570,0.41334300217548947,251,0.18201595358955766,621,0.05,0.43615136876006444,0.5127214170692431,11785,0,621,3336,3031,2386,3032,14,0,0,0,0,0,0,0,0,0,0,0
AHE-L400.fasta,AHE-L400,9,12555,1395,697,0.4996415770609319,698,0.5003584229390681,417,0.2989247311827957,432,0.034408602150537634,0.5256073277578653,0.43958582238152133,12118,0,432,3142,3341,3258,2377,5,0,0,0,0,0,0,0,0,0,0,0
AHE-L401.fasta,AHE-L401,9,12204,1351,935,0.692079940784604,416,0.307920059215396,270,0.1998519615099926,342,0.028023598820058997,0.42895771878072764,0.5399049491969846,11824,0,342,4004,2685,2550,2585,38,0,0,0,0,0,0,0,0,0,0,0
AHE-L402.fasta,AHE-L402,8,3384,423,246,0.5815602836879432,177,0.41843971631205673,69,0.16312056737588654,468,0.13829787234042554,0.5653073286052009,0.2916666666666667,2900,0,468,495,889,1024,492,16,0,0,0,0,0,0,0,0,0,0,0
AHE-L403.fasta,AHE-L403,9,12501,1387,579,0.41744772891131937,808,0.5825522710886806,501,0.361211247296323,981,0.07847372210223182,0.5866730661547076,0.3338132949364051,11507,0,981,2038,4379,2955,2135,13,0,0,0,0,0,0,0,0,0,0,0
